Time,xOut,yOut,zOut
50.0,329.0,364.0,377.0
100.0,329.0,364.0,377.0
150.0,329.0,364.0,377.0
200.0,330.0,364.0,377.0
250.0,329.0,364.0,377.0
300.0,329.0,364.0,376.0
350.0,329.0,364.0,377.0
400.0,329.0,364.0,376.0
450.0,329.0,364.0,377.0
500.0,329.0,364.0,377.0
550.0,329.0,364.0,377.0
600.0,329.0,364.0,376.0
650.0,329.0,364.0,377.0
700.0,329.0,364.0,377.0
750.0,329.0,364.0,377.0
800.0,329.0,364.0,377.0
850.0,329.0,364.0,376.0
900.0,329.0,364.0,377.0
950.0,329.0,364.0,377.0
1000.0,329.0,364.0,377.0
1050.0,329.0,364.0,377.0
1100.0,329.0,364.0,376.0
1150.0,329.0,364.0,377.0
1200.0,329.0,364.0,377.0
1250.0,329.0,364.0,377.0
1300.0,329.0,364.0,377.0
1350.0,329.0,364.0,377.0
1400.0,329.0,364.0,377.0
1451.0,329.0,364.0,377.0
1501.0,329.0,364.0,377.0
1551.0,329.0,364.0,377.0
1601.0,329.0,364.0,376.0
1651.0,329.0,364.0,377.0
1701.0,329.0,364.0,376.0
1751.0,329.0,364.0,377.0
1801.0,329.0,364.0,377.0
1851.0,329.0,364.0,377.0
1901.0,329.0,364.0,377.0
1951.0,329.0,364.0,377.0
2001.0,329.0,364.0,377.0
2051.0,329.0,364.0,377.0
2101.0,329.0,364.0,377.0
2151.0,329.0,364.0,377.0
2201.0,329.0,364.0,377.0
2251.0,329.0,364.0,376.0
2301.0,329.0,364.0,377.0
2351.0,329.0,364.0,377.0
2401.0,329.0,364.0,377.0
2451.0,329.0,364.0,377.0
2501.0,329.0,364.0,377.0
2551.0,329.0,364.0,377.0
2601.0,329.0,364.0,377.0
2651.0,329.0,364.0,377.0
2701.0,329.0,364.0,377.0
2751.0,329.0,364.0,376.0
2801.0,330.0,364.0,377.0
2851.0,329.0,364.0,377.0
2902.0,329.0,364.0,377.0
2952.0,329.0,364.0,377.0
3002.0,329.0,364.0,377.0
3052.0,329.0,364.0,377.0
3102.0,329.0,364.0,377.0
3152.0,330.0,364.0,377.0
3202.0,329.0,364.0,377.0
3252.0,329.0,364.0,377.0
3302.0,329.0,364.0,377.0
3352.0,329.0,364.0,377.0
3402.0,329.0,364.0,377.0
3452.0,329.0,364.0,377.0
3502.0,329.0,364.0,377.0
3552.0,329.0,364.0,377.0
3602.0,329.0,364.0,377.0
3652.0,329.0,364.0,377.0
3702.0,329.0,364.0,377.0
3752.0,329.0,364.0,377.0
3802.0,329.0,364.0,377.0
3852.0,329.0,364.0,377.0
3902.0,329.0,364.0,377.0
3952.0,329.0,364.0,377.0
4002.0,329.0,364.0,377.0
4052.0,329.0,364.0,377.0
4102.0,329.0,364.0,377.0
4152.0,329.0,364.0,377.0
4202.0,329.0,364.0,377.0
4252.0,329.0,364.0,377.0
4302.0,329.0,364.0,377.0
4352.0,329.0,364.0,377.0
4402.0,329.0,364.0,377.0
4452.0,329.0,364.0,376.0
4502.0,329.0,363.0,377.0
4552.0,329.0,364.0,377.0
4602.0,329.0,364.0,377.0
4652.0,329.0,364.0,376.0
4702.0,329.0,363.0,377.0
4752.0,329.0,364.0,377.0
4802.0,329.0,364.0,377.0
4852.0,329.0,363.0,376.0
4902.0,329.0,364.0,377.0
4952.0,329.0,364.0,377.0
5002.0,329.0,363.0,377.0
5052.0,329.0,363.0,377.0
5102.0,325.0,366.0,361.0
5152.0,333.0,361.0,392.0
5202.0,334.0,378.0,369.0
5252.0,331.0,347.0,388.0
5302.0,335.0,341.0,393.0
5352.0,327.0,347.0,397.0
5402.0,333.0,346.0,400.0
5452.0,331.0,344.0,391.0
5502.0,335.0,351.0,395.0
5552.0,331.0,344.0,386.0
5602.0,330.0,340.0,388.0
5652.0,338.0,346.0,393.0
5702.0,337.0,340.0,386.0
5752.0,333.0,337.0,386.0
5803.0,333.0,343.0,390.0
5853.0,346.0,343.0,387.0
5903.0,340.0,339.0,387.0
5953.0,338.0,341.0,381.0
6003.0,348.0,327.0,383.0
6053.0,338.0,340.0,388.0
6103.0,344.0,327.0,387.0
6153.0,337.0,343.0,391.0
6203.0,339.0,329.0,386.0
6253.0,339.0,338.0,385.0
6303.0,341.0,329.0,386.0
6353.0,336.0,337.0,387.0
6403.0,342.0,328.0,388.0
6453.0,337.0,335.0,385.0
6503.0,333.0,328.0,395.0
6553.0,350.0,328.0,381.0
6603.0,339.0,329.0,389.0
6653.0,337.0,328.0,390.0
6703.0,337.0,330.0,390.0
6753.0,340.0,329.0,389.0
6803.0,336.0,331.0,387.0
6853.0,339.0,328.0,390.0
6903.0,335.0,331.0,390.0
6953.0,339.0,329.0,391.0
7003.0,336.0,333.0,388.0
Time,xOut,yOut,zOut
Time,xOut,yOut,zOut
50.0,335.0,357.0,383.0
100.0,335.0,357.0,382.0
150.0,335.0,358.0,383.0
200.0,335.0,357.0,383.0
250.0,335.0,357.0,383.0
300.0,335.0,357.0,382.0
350.0,335.0,357.0,383.0
400.0,335.0,357.0,382.0
450.0,335.0,357.0,383.0
500.0,335.0,358.0,382.0
550.0,335.0,357.0,382.0
600.0,335.0,358.0,383.0
650.0,335.0,357.0,383.0
700.0,335.0,357.0,383.0
750.0,335.0,358.0,382.0
800.0,335.0,357.0,383.0
850.0,335.0,358.0,383.0
900.0,335.0,357.0,383.0
950.0,335.0,357.0,383.0
1000.0,335.0,357.0,383.0
1050.0,335.0,358.0,383.0
1100.0,335.0,357.0,383.0
1150.0,335.0,357.0,382.0
1200.0,335.0,358.0,383.0
1250.0,335.0,357.0,382.0
1300.0,335.0,357.0,383.0
1350.0,335.0,358.0,383.0
1400.0,335.0,358.0,382.0
1451.0,335.0,357.0,382.0
1501.0,335.0,357.0,382.0
1551.0,335.0,358.0,382.0
1601.0,335.0,357.0,382.0
1651.0,335.0,357.0,383.0
1701.0,335.0,358.0,382.0
1751.0,335.0,357.0,383.0
1801.0,335.0,357.0,382.0
1851.0,335.0,358.0,382.0
1901.0,335.0,357.0,383.0
1951.0,335.0,357.0,382.0
2001.0,335.0,357.0,383.0
2051.0,335.0,358.0,383.0
2101.0,335.0,358.0,383.0
2151.0,335.0,357.0,382.0
2201.0,335.0,357.0,382.0
2251.0,335.0,357.0,382.0
2301.0,335.0,357.0,383.0
2351.0,335.0,358.0,383.0
2401.0,335.0,357.0,382.0
2451.0,335.0,357.0,383.0
2501.0,335.0,358.0,383.0
2551.0,335.0,357.0,383.0
2601.0,335.0,358.0,382.0
2651.0,335.0,357.0,382.0
2701.0,335.0,358.0,382.0
2751.0,335.0,358.0,382.0
2801.0,335.0,357.0,382.0
2851.0,335.0,357.0,383.0
2902.0,335.0,357.0,382.0
2952.0,335.0,357.0,383.0
3002.0,335.0,358.0,383.0
3052.0,335.0,357.0,382.0
3102.0,335.0,358.0,382.0
3152.0,335.0,358.0,383.0
3202.0,335.0,357.0,383.0
3252.0,335.0,357.0,383.0
3302.0,335.0,357.0,383.0
3352.0,335.0,358.0,382.0
3402.0,335.0,357.0,382.0
3452.0,335.0,357.0,383.0
3502.0,335.0,358.0,383.0
3552.0,335.0,358.0,383.0
3602.0,335.0,357.0,383.0
3652.0,335.0,357.0,382.0
3702.0,335.0,358.0,383.0
3752.0,335.0,357.0,383.0
3802.0,335.0,358.0,383.0
3852.0,335.0,357.0,383.0
3902.0,335.0,357.0,383.0
3952.0,335.0,357.0,382.0
4002.0,335.0,357.0,383.0
4052.0,335.0,357.0,383.0
4102.0,335.0,357.0,383.0
4152.0,335.0,357.0,382.0
4202.0,335.0,358.0,383.0
4252.0,335.0,357.0,382.0
4302.0,335.0,357.0,383.0
4352.0,335.0,357.0,382.0
4402.0,335.0,358.0,383.0
4452.0,335.0,358.0,382.0
4502.0,335.0,357.0,382.0
4552.0,335.0,357.0,383.0
4602.0,335.0,357.0,383.0
4652.0,335.0,357.0,383.0
4702.0,335.0,357.0,383.0
4752.0,335.0,358.0,382.0
4802.0,335.0,357.0,382.0
4852.0,335.0,358.0,382.0
4902.0,335.0,358.0,383.0
4952.0,335.0,357.0,382.0
5002.0,335.0,358.0,383.0
5052.0,335.0,358.0,383.0
5102.0,335.0,357.0,382.0
5152.0,335.0,357.0,382.0
5202.0,335.0,357.0,382.0
5252.0,335.0,357.0,383.0
5302.0,335.0,357.0,383.0
5352.0,335.0,358.0,383.0
5402.0,335.0,357.0,383.0
5452.0,335.0,357.0,383.0
5502.0,335.0,357.0,383.0
5552.0,335.0,357.0,382.0
5602.0,335.0,357.0,383.0
5652.0,335.0,358.0,383.0
5702.0,335.0,357.0,382.0
5752.0,335.0,357.0,383.0
5803.0,335.0,358.0,382.0
5853.0,335.0,358.0,382.0
5903.0,335.0,357.0,383.0
5953.0,335.0,357.0,382.0
6003.0,335.0,357.0,382.0
6053.0,335.0,357.0,383.0
6103.0,335.0,358.0,383.0
6153.0,335.0,358.0,382.0
6203.0,335.0,357.0,383.0
6253.0,335.0,358.0,383.0
6303.0,335.0,358.0,383.0
6353.0,335.0,357.0,382.0
6403.0,335.0,357.0,382.0
6453.0,335.0,357.0,382.0
6503.0,335.0,358.0,382.0
6553.0,335.0,357.0,383.0
6603.0,335.0,358.0,383.0
6653.0,335.0,357.0,383.0
6703.0,335.0,358.0,383.0
6753.0,335.0,357.0,382.0
6803.0,335.0,357.0,382.0
6853.0,334.0,358.0,383.0
6903.0,334.0,357.0,383.0
6953.0,334.0,357.0,382.0
7003.0,335.0,357.0,382.0
7053.0,335.0,357.0,383.0
7103.0,334.0,357.0,382.0
7153.0,335.0,357.0,382.0
7203.0,335.0,357.0,383.0
7254.0,335.0,357.0,383.0
7304.0,334.0,356.0,381.0
7354.0,335.0,358.0,382.0
7404.0,335.0,359.0,384.0
7454.0,335.0,357.0,383.0
7504.0,335.0,357.0,382.0
7554.0,335.0,358.0,383.0
7604.0,335.0,357.0,382.0
7654.0,335.0,357.0,382.0
7704.0,335.0,358.0,383.0
7754.0,307.0,303.0,423.0
7804.0,331.0,372.0,392.0
7854.0,341.0,340.0,390.0
7904.0,339.0,337.0,391.0
7954.0,342.0,332.0,396.0
8004.0,338.0,324.0,403.0
8054.0,342.0,346.0,384.0
8104.0,340.0,327.0,392.0
8154.0,339.0,341.0,387.0
8204.0,337.0,337.0,392.0
8254.0,342.0,315.0,411.0
8304.0,331.0,345.0,384.0
8354.0,349.0,333.0,393.0
8404.0,333.0,336.0,394.0
8454.0,333.0,325.0,403.0
8504.0,328.0,338.0,390.0
8554.0,339.0,332.0,410.0
8604.0,337.0,336.0,395.0
8654.0,327.0,336.0,389.0
8704.0,341.0,340.0,379.0
8754.0,321.0,327.0,393.0
8804.0,334.0,328.0,384.0
8854.0,326.0,335.0,386.0
8904.0,331.0,330.0,396.0
8954.0,322.0,319.0,400.0
9004.0,323.0,330.0,393.0
9054.0,329.0,322.0,393.0
9104.0,329.0,327.0,395.0
9154.0,328.0,320.0,391.0
9204.0,333.0,330.0,392.0
9254.0,330.0,317.0,392.0
9304.0,331.0,325.0,392.0
9354.0,325.0,318.0,395.0
9404.0,334.0,320.0,392.0
9454.0,325.0,325.0,394.0
9504.0,330.0,317.0,393.0
9554.0,331.0,324.0,392.0
9604.0,326.0,317.0,394.0
9654.0,332.0,318.0,391.0
9704.0,324.0,320.0,392.0
9754.0,331.0,314.0,392.0
9804.0,329.0,320.0,392.0
9854.0,329.0,311.0,391.0
9904.0,329.0,319.0,390.0
9954.0,326.0,314.0,391.0
10004.0,332.0,310.0,391.0
10054.0,330.0,316.0,392.0
10104.0,328.0,312.0,393.0
10155.0,330.0,316.0,392.0
10205.0,329.0,316.0,391.0
10255.0,331.0,317.0,392.0
10305.0,330.0,316.0,392.0
10355.0,332.0,315.0,391.0
10405.0,331.0,318.0,393.0
10455.0,329.0,312.0,391.0
10505.0,332.0,316.0,391.0
10555.0,330.0,310.0,392.0
10605.0,330.0,314.0,391.0
10655.0,331.0,317.0,392.0
10705.0,328.0,312.0,391.0
10755.0,331.0,314.0,392.0
10805.0,331.0,313.0,391.0
10855.0,330.0,314.0,391.0
10905.0,331.0,312.0,391.0
10955.0,331.0,314.0,392.0
11005.0,332.0,315.0,391.0
11055.0,330.0,313.0,391.0
11105.0,332.0,314.0,392.0
11155.0,332.0,314.0,391.0
11205.0,332.0,314.0,391.0
11255.0,329.0,318.0,391.0
11305.0,335.0,311.0,391.0
11355.0,330.0,317.0,392.0
11405.0,333.0,323.0,392.0
11455.0,331.0,318.0,394.0
11505.0,329.0,322.0,392.0
11555.0,338.0,332.0,395.0
11606.0,328.0,333.0,389.0
11656.0,332.0,351.0,385.0
11706.0,330.0,341.0,395.0
11756.0,327.0,353.0,380.0
11806.0,332.0,354.0,390.0
11856.0,326.0,363.0,363.0
11906.0,323.0,364.0,385.0
11956.0,318.0,369.0,374.0
12006.0,318.0,367.0,371.0
12056.0,308.0,376.0,386.0
12106.0,320.0,368.0,362.0
12156.0,308.0,373.0,362.0
12206.0,315.0,374.0,361.0
12256.0,310.0,385.0,350.0
12306.0,292.0,389.0,344.0
12356.0,313.0,382.0,346.0
12406.0,309.0,392.0,332.0
12456.0,315.0,384.0,333.0
12506.0,313.0,386.0,318.0
12556.0,308.0,383.0,316.0
12606.0,298.0,385.0,305.0
12656.0,313.0,389.0,306.0
12706.0,306.0,366.0,299.0
12756.0,311.0,384.0,308.0
12806.0,315.0,369.0,281.0
12856.0,315.0,360.0,285.0
12906.0,300.0,382.0,298.0
12956.0,299.0,354.0,281.0
13006.0,309.0,352.0,280.0
13056.0,296.0,352.0,276.0
13106.0,311.0,351.0,270.0
13156.0,314.0,361.0,277.0
13206.0,310.0,364.0,277.0
13256.0,314.0,357.0,273.0
13306.0,314.0,362.0,274.0
13356.0,305.0,350.0,277.0
13406.0,307.0,357.0,274.0
13456.0,299.0,345.0,276.0
13506.0,308.0,350.0,277.0
13556.0,307.0,364.0,272.0
13606.0,305.0,342.0,275.0
13656.0,308.0,363.0,272.0
13706.0,304.0,352.0,277.0
13756.0,309.0,345.0,274.0
13806.0,305.0,367.0,277.0
13856.0,303.0,352.0,275.0
13906.0,312.0,374.0,274.0
13956.0,303.0,359.0,283.0
14006.0,303.0,364.0,280.0
14056.0,312.0,370.0,278.0
14106.0,303.0,358.0,280.0
14156.0,303.0,368.0,281.0
14206.0,304.0,362.0,281.0
14256.0,307.0,367.0,281.0
14306.0,307.0,366.0,284.0
14356.0,309.0,365.0,281.0
14406.0,306.0,369.0,284.0
14456.0,303.0,368.0,285.0
14507.0,306.0,371.0,285.0
14557.0,305.0,368.0,287.0
14607.0,308.0,370.0,288.0
14657.0,307.0,373.0,290.0
14707.0,310.0,378.0,293.0
14757.0,308.0,377.0,294.0
14807.0,308.0,377.0,297.0
14857.0,310.0,382.0,302.0
14907.0,312.0,377.0,303.0
14957.0,304.0,382.0,306.0
15007.0,308.0,377.0,302.0
15057.0,311.0,387.0,313.0
15107.0,417.0,295.0,412.0
15157.0,319.0,382.0,340.0
15207.0,316.0,416.0,358.0
15257.0,325.0,406.0,371.0
15307.0,328.0,382.0,353.0
15357.0,325.0,372.0,341.0
15407.0,323.0,380.0,351.0
15457.0,323.0,389.0,361.0
15507.0,325.0,387.0,359.0
15557.0,327.0,380.0,355.0
15607.0,326.0,379.0,354.0
15657.0,325.0,382.0,359.0
15707.0,325.0,383.0,360.0
15757.0,326.0,380.0,360.0
15807.0,326.0,379.0,359.0
15857.0,326.0,381.0,360.0
15907.0,327.0,380.0,362.0
15958.0,327.0,379.0,361.0
16008.0,326.0,380.0,361.0
16058.0,326.0,380.0,363.0
16108.0,327.0,378.0,362.0
16158.0,327.0,377.0,361.0
16208.0,327.0,379.0,363.0
16258.0,326.0,379.0,364.0
16308.0,327.0,378.0,364.0
16358.0,327.0,377.0,363.0
16408.0,327.0,377.0,363.0
16458.0,327.0,378.0,364.0
16508.0,327.0,378.0,365.0
16558.0,327.0,377.0,364.0
16608.0,327.0,377.0,364.0
16658.0,328.0,377.0,364.0
16708.0,328.0,377.0,365.0
16758.0,327.0,377.0,365.0
16808.0,328.0,376.0,365.0
16858.0,328.0,376.0,365.0
16908.0,328.0,377.0,365.0
16958.0,328.0,376.0,366.0
17008.0,328.0,376.0,366.0
17058.0,328.0,376.0,366.0
17108.0,328.0,376.0,366.0
17158.0,328.0,376.0,366.0
17208.0,328.0,376.0,366.0
17258.0,328.0,376.0,366.0
17308.0,328.0,376.0,367.0
17358.0,328.0,375.0,367.0
17408.0,328.0,375.0,367.0
17458.0,328.0,376.0,367.0
17508.0,328.0,375.0,367.0
17558.0,328.0,375.0,367.0
17608.0,328.0,375.0,367.0
17658.0,328.0,375.0,367.0
17708.0,328.0,375.0,368.0
17758.0,328.0,375.0,368.0
17808.0,328.0,375.0,367.0
17858.0,328.0,375.0,368.0
17908.0,328.0,375.0,368.0
Time,xOut,yOut,zOut
50.0,329.0,371.0,373.0
100.0,329.0,371.0,372.0
150.0,329.0,370.0,373.0
200.0,329.0,370.0,373.0
250.0,329.0,371.0,373.0
300.0,329.0,371.0,374.0
350.0,329.0,370.0,373.0
400.0,329.0,370.0,373.0
450.0,329.0,370.0,373.0
500.0,329.0,370.0,373.0
550.0,329.0,370.0,373.0
600.0,329.0,371.0,373.0
650.0,329.0,370.0,373.0
700.0,329.0,371.0,373.0
750.0,329.0,370.0,373.0
800.0,329.0,370.0,373.0
850.0,329.0,370.0,373.0
900.0,329.0,370.0,373.0
950.0,329.0,371.0,373.0
1000.0,329.0,371.0,373.0
1050.0,329.0,371.0,373.0
1100.0,329.0,371.0,373.0
1150.0,329.0,371.0,373.0
1200.0,329.0,370.0,373.0
1250.0,329.0,370.0,373.0
1300.0,329.0,370.0,373.0
1350.0,329.0,371.0,373.0
1400.0,329.0,371.0,373.0
1451.0,329.0,370.0,373.0
1501.0,329.0,371.0,373.0
1551.0,329.0,370.0,373.0
1601.0,329.0,370.0,373.0
1651.0,329.0,371.0,373.0
1701.0,329.0,371.0,373.0
1751.0,329.0,370.0,373.0
1801.0,329.0,370.0,373.0
1851.0,329.0,371.0,373.0
1901.0,329.0,371.0,373.0
1951.0,329.0,370.0,373.0
2001.0,329.0,370.0,374.0
2051.0,329.0,370.0,373.0
2101.0,329.0,370.0,374.0
2151.0,328.0,371.0,373.0
2201.0,329.0,370.0,373.0
2251.0,329.0,370.0,373.0
2301.0,329.0,370.0,373.0
2351.0,328.0,371.0,373.0
2401.0,329.0,370.0,372.0
2451.0,328.0,370.0,372.0
2501.0,329.0,371.0,372.0
2551.0,328.0,370.0,374.0
2601.0,329.0,370.0,372.0
2651.0,329.0,370.0,372.0
2701.0,329.0,372.0,374.0
2751.0,329.0,372.0,374.0
2801.0,329.0,369.0,373.0
2851.0,329.0,370.0,373.0
2902.0,329.0,371.0,374.0
2952.0,338.0,348.0,396.0
3002.0,331.0,408.0,379.0
3052.0,334.0,346.0,360.0
3102.0,316.0,343.0,379.0
3152.0,337.0,399.0,390.0
3202.0,317.0,342.0,395.0
3252.0,337.0,370.0,391.0
3302.0,312.0,343.0,394.0
3352.0,323.0,342.0,388.0
3402.0,331.0,338.0,391.0
3452.0,339.0,338.0,385.0
3502.0,331.0,336.0,388.0
3552.0,332.0,328.0,396.0
3602.0,333.0,341.0,394.0
3652.0,331.0,331.0,392.0
3702.0,339.0,323.0,399.0
3752.0,333.0,320.0,389.0
3802.0,334.0,332.0,389.0
3852.0,338.0,317.0,388.0
3902.0,336.0,324.0,391.0
3952.0,336.0,315.0,391.0
4002.0,334.0,325.0,388.0
4052.0,337.0,324.0,390.0
4102.0,337.0,314.0,392.0
4152.0,335.0,327.0,390.0
4202.0,334.0,319.0,392.0
4252.0,341.0,320.0,389.0
4302.0,335.0,312.0,390.0
4352.0,332.0,320.0,393.0
4402.0,334.0,316.0,393.0
4452.0,336.0,313.0,392.0
4502.0,331.0,311.0,389.0
4552.0,333.0,311.0,391.0
4602.0,334.0,317.0,389.0
4652.0,331.0,316.0,392.0
4702.0,334.0,314.0,390.0
4752.0,335.0,315.0,390.0
4802.0,332.0,316.0,390.0
4852.0,334.0,316.0,390.0
4902.0,336.0,318.0,391.0
4952.0,333.0,319.0,390.0
5002.0,332.0,316.0,391.0
5052.0,331.0,315.0,390.0
5102.0,333.0,319.0,391.0
5152.0,333.0,314.0,392.0
5202.0,332.0,318.0,391.0
5252.0,334.0,318.0,391.0
5302.0,330.0,314.0,391.0
5352.0,331.0,317.0,390.0
5402.0,331.0,315.0,390.0
5452.0,333.0,316.0,392.0
5502.0,334.0,317.0,392.0
5552.0,333.0,315.0,391.0
5602.0,333.0,315.0,391.0
5652.0,335.0,313.0,390.0
5702.0,335.0,316.0,390.0
5752.0,333.0,318.0,392.0
5803.0,332.0,313.0,392.0
5853.0,334.0,317.0,391.0
5903.0,331.0,315.0,391.0
5953.0,335.0,316.0,390.0
6003.0,332.0,316.0,391.0
6053.0,333.0,315.0,390.0
6103.0,336.0,318.0,390.0
6153.0,335.0,316.0,392.0
6203.0,335.0,315.0,392.0
6253.0,331.0,316.0,392.0
6303.0,334.0,314.0,391.0
6353.0,335.0,315.0,392.0
6403.0,337.0,315.0,391.0
6453.0,333.0,315.0,392.0
6503.0,335.0,315.0,391.0
6553.0,332.0,314.0,392.0
6603.0,334.0,314.0,391.0
6653.0,334.0,316.0,391.0
6703.0,335.0,315.0,391.0
6753.0,335.0,314.0,392.0
6803.0,333.0,315.0,393.0
6853.0,335.0,315.0,392.0
6903.0,332.0,312.0,396.0
6953.0,334.0,303.0,393.0
7003.0,334.0,312.0,393.0
7053.0,335.0,314.0,391.0
7103.0,334.0,313.0,391.0
7153.0,331.0,315.0,393.0
7203.0,334.0,314.0,391.0
7254.0,336.0,315.0,391.0
7304.0,334.0,316.0,392.0
7354.0,335.0,316.0,392.0
7404.0,330.0,321.0,388.0
7454.0,329.0,329.0,393.0
7504.0,319.0,352.0,391.0
7554.0,325.0,310.0,393.0
7604.0,342.0,335.0,383.0
7654.0,305.0,362.0,417.0
7704.0,406.0,370.0,354.0
7754.0,331.0,372.0,373.0
7804.0,333.0,413.0,386.0
7854.0,332.0,356.0,406.0
7904.0,325.0,370.0,380.0
7954.0,325.0,348.0,397.0
8004.0,324.0,369.0,379.0
8054.0,325.0,369.0,372.0
8104.0,319.0,367.0,379.0
8154.0,324.0,380.0,369.0
8204.0,319.0,382.0,368.0
8254.0,313.0,377.0,364.0
8304.0,327.0,367.0,373.0
8354.0,326.0,373.0,365.0
8404.0,329.0,380.0,365.0
8454.0,325.0,377.0,362.0
8504.0,324.0,383.0,360.0
8554.0,305.0,381.0,367.0
8604.0,317.0,384.0,348.0
8654.0,311.0,378.0,350.0
8704.0,314.0,381.0,347.0
8754.0,323.0,395.0,353.0
8804.0,319.0,385.0,350.0
8854.0,317.0,388.0,354.0
8904.0,318.0,375.0,361.0
8954.0,320.0,386.0,352.0
9004.0,321.0,379.0,358.0
9054.0,322.0,386.0,354.0
9104.0,320.0,384.0,359.0
9154.0,321.0,384.0,359.0
9204.0,319.0,383.0,358.0
9254.0,322.0,382.0,359.0
9304.0,321.0,382.0,356.0
9354.0,318.0,384.0,354.0
9404.0,316.0,379.0,356.0
9454.0,315.0,382.0,357.0
9504.0,313.0,382.0,356.0
9554.0,313.0,377.0,358.0
9604.0,313.0,381.0,359.0
9654.0,313.0,387.0,359.0
9704.0,311.0,387.0,353.0
9754.0,308.0,382.0,364.0
9804.0,307.0,382.0,340.0
9854.0,312.0,392.0,344.0
9904.0,331.0,351.0,327.0
9954.0,293.0,405.0,320.0
10004.0,303.0,384.0,332.0
10054.0,302.0,396.0,320.0
10104.0,341.0,333.0,306.0
10155.0,303.0,382.0,344.0
10205.0,298.0,390.0,322.0
10255.0,307.0,381.0,317.0
10305.0,313.0,393.0,312.0
10355.0,300.0,382.0,315.0
10405.0,313.0,382.0,307.0
10455.0,312.0,383.0,297.0
10505.0,304.0,361.0,285.0
10555.0,324.0,373.0,276.0
10605.0,311.0,355.0,279.0
10655.0,292.0,366.0,280.0
10705.0,301.0,349.0,274.0
10755.0,285.0,347.0,283.0
10805.0,276.0,358.0,272.0
10855.0,287.0,326.0,283.0
10905.0,296.0,341.0,276.0
10955.0,300.0,352.0,268.0
11005.0,296.0,328.0,272.0
11055.0,305.0,340.0,272.0
11105.0,305.0,332.0,265.0
11155.0,306.0,345.0,271.0
11205.0,306.0,333.0,266.0
11255.0,298.0,328.0,269.0
11305.0,303.0,330.0,267.0
11355.0,299.0,323.0,268.0
11405.0,310.0,329.0,264.0
11455.0,310.0,327.0,266.0
11505.0,307.0,323.0,267.0
11555.0,316.0,328.0,260.0
11606.0,313.0,326.0,267.0
11656.0,309.0,322.0,267.0
11706.0,316.0,332.0,264.0
11756.0,299.0,323.0,265.0
11806.0,315.0,331.0,263.0
11856.0,308.0,323.0,263.0
11906.0,309.0,325.0,266.0
11956.0,320.0,322.0,264.0
12006.0,311.0,325.0,265.0
12056.0,314.0,325.0,264.0
12106.0,312.0,323.0,262.0
12156.0,314.0,325.0,264.0
12206.0,315.0,317.0,260.0
12256.0,311.0,322.0,264.0
12306.0,314.0,321.0,265.0
12356.0,312.0,324.0,264.0
12406.0,312.0,321.0,265.0
12456.0,309.0,321.0,264.0
12506.0,314.0,320.0,264.0
12556.0,310.0,324.0,263.0
12606.0,309.0,320.0,265.0
12656.0,310.0,318.0,265.0
12706.0,311.0,324.0,264.0
12756.0,312.0,320.0,265.0
12806.0,313.0,322.0,264.0
12856.0,314.0,323.0,265.0
12906.0,310.0,320.0,264.0
12956.0,311.0,322.0,264.0
13006.0,309.0,319.0,265.0
13056.0,312.0,323.0,264.0
13106.0,312.0,320.0,266.0
13156.0,311.0,318.0,264.0
13206.0,310.0,321.0,266.0
13256.0,310.0,322.0,264.0
13306.0,311.0,336.0,267.0
13356.0,304.0,341.0,283.0
13406.0,308.0,372.0,282.0
13456.0,296.0,364.0,268.0
13506.0,307.0,376.0,282.0
13556.0,320.0,378.0,300.0
13606.0,318.0,381.0,311.0
13656.0,282.0,380.0,314.0
13706.0,330.0,390.0,336.0
13756.0,303.0,383.0,347.0
13806.0,321.0,378.0,366.0
13856.0,324.0,382.0,366.0
13906.0,328.0,376.0,370.0
13956.0,324.0,360.0,387.0
14006.0,328.0,357.0,388.0
14056.0,328.0,361.0,383.0
14106.0,330.0,355.0,388.0
14156.0,322.0,358.0,389.0
14206.0,331.0,340.0,390.0
14256.0,328.0,340.0,386.0
14306.0,330.0,337.0,389.0
14356.0,329.0,338.0,392.0
14406.0,330.0,336.0,386.0
14456.0,324.0,317.0,374.0
14507.0,343.0,336.0,393.0
14557.0,318.0,339.0,387.0
14607.0,356.0,312.0,394.0
14657.0,332.0,335.0,382.0
14707.0,337.0,309.0,388.0
14757.0,343.0,322.0,396.0
14807.0,334.0,318.0,394.0
14857.0,335.0,302.0,394.0
14907.0,346.0,322.0,391.0
14957.0,344.0,312.0,389.0
15007.0,373.0,320.0,381.0
15057.0,356.0,316.0,377.0
15107.0,391.0,318.0,366.0
15157.0,363.0,329.0,375.0
15207.0,343.0,295.0,378.0
15257.0,342.0,321.0,383.0
15307.0,337.0,337.0,388.0
15357.0,363.0,355.0,384.0
15407.0,325.0,328.0,399.0
15457.0,324.0,300.0,421.0
15507.0,387.0,309.0,387.0
15557.0,351.0,356.0,377.0
15607.0,350.0,352.0,380.0
15657.0,356.0,365.0,380.0
15707.0,340.0,333.0,382.0
15757.0,384.0,316.0,378.0
15807.0,364.0,309.0,406.0
15857.0,337.0,326.0,397.0
15907.0,363.0,315.0,387.0
15958.0,350.0,328.0,390.0
16008.0,407.0,375.0,341.0
16058.0,378.0,321.0,354.0
16108.0,381.0,324.0,375.0
16158.0,375.0,352.0,370.0
16208.0,374.0,317.0,390.0
16258.0,353.0,314.0,380.0
16308.0,377.0,329.0,377.0
16358.0,345.0,311.0,389.0
16408.0,344.0,315.0,384.0
16458.0,343.0,308.0,391.0
16508.0,332.0,304.0,391.0
16558.0,350.0,316.0,386.0
16608.0,331.0,304.0,392.0
16658.0,326.0,313.0,397.0
16708.0,324.0,318.0,390.0
16758.0,320.0,312.0,394.0
16808.0,320.0,313.0,389.0
16858.0,326.0,317.0,391.0
16908.0,323.0,316.0,390.0
16958.0,333.0,315.0,386.0
17008.0,329.0,305.0,389.0
17058.0,306.0,302.0,389.0
17108.0,323.0,306.0,390.0
17158.0,336.0,305.0,391.0
17208.0,313.0,308.0,387.0
17258.0,327.0,307.0,384.0
17308.0,325.0,306.0,388.0
17358.0,328.0,308.0,390.0
17408.0,325.0,307.0,389.0
17458.0,329.0,307.0,390.0
17508.0,329.0,307.0,396.0
17558.0,335.0,311.0,388.0
17608.0,329.0,318.0,391.0
17658.0,328.0,320.0,387.0
17708.0,339.0,323.0,384.0
17758.0,327.0,325.0,389.0
17808.0,335.0,328.0,388.0
17858.0,335.0,325.0,394.0
17908.0,332.0,327.0,393.0
17958.0,337.0,329.0,389.0
18008.0,338.0,327.0,390.0
18058.0,337.0,320.0,390.0
18108.0,331.0,329.0,392.0
18158.0,340.0,325.0,389.0
18208.0,337.0,333.0,393.0
18258.0,333.0,329.0,392.0
18308.0,356.0,326.0,387.0
18358.0,350.0,305.0,383.0
18408.0,357.0,311.0,388.0
18458.0,391.0,321.0,380.0
18508.0,377.0,320.0,379.0
18558.0,404.0,348.0,381.0
18608.0,393.0,321.0,363.0
18658.0,380.0,349.0,350.0
18708.0,362.0,373.0,347.0
18758.0,369.0,347.0,343.0
18808.0,374.0,363.0,340.0
18859.0,395.0,346.0,357.0
18909.0,377.0,353.0,341.0
18959.0,388.0,353.0,350.0
19009.0,378.0,346.0,352.0
19059.0,372.0,356.0,345.0
19109.0,378.0,345.0,358.0
19159.0,388.0,359.0,355.0
19209.0,381.0,359.0,352.0
19259.0,348.0,330.0,364.0
19309.0,376.0,356.0,359.0
19359.0,391.0,346.0,351.0
19409.0,388.0,346.0,350.0
19459.0,388.0,336.0,343.0
19509.0,388.0,333.0,337.0
19559.0,390.0,332.0,333.0
19609.0,386.0,325.0,335.0
19659.0,392.0,334.0,332.0
19709.0,390.0,326.0,326.0
19759.0,394.0,330.0,330.0
19809.0,391.0,330.0,331.0
19859.0,394.0,327.0,329.0
19909.0,393.0,326.0,327.0
19959.0,392.0,325.0,329.0
20009.0,394.0,325.0,329.0
20059.0,386.0,324.0,331.0
20109.0,397.0,325.0,325.0
20159.0,390.0,325.0,332.0
20209.0,396.0,323.0,326.0
20259.0,391.0,322.0,330.0
20310.0,394.0,324.0,326.0
20360.0,393.0,323.0,327.0
20410.0,393.0,324.0,327.0
20460.0,393.0,322.0,328.0
20510.0,392.0,324.0,326.0
20560.0,394.0,322.0,326.0
20610.0,392.0,324.0,328.0
20660.0,394.0,324.0,326.0
20710.0,392.0,323.0,328.0
20760.0,395.0,323.0,324.0
20810.0,391.0,323.0,328.0
20860.0,394.0,323.0,326.0
20910.0,391.0,323.0,327.0
20960.0,391.0,323.0,327.0
21010.0,392.0,323.0,326.0
21060.0,392.0,322.0,327.0
21110.0,392.0,324.0,326.0
21160.0,393.0,319.0,324.0
21210.0,391.0,324.0,327.0
21260.0,395.0,320.0,323.0
21310.0,391.0,321.0,326.0
21360.0,394.0,322.0,325.0
21410.0,393.0,320.0,324.0
21460.0,391.0,321.0,327.0
21510.0,394.0,320.0,324.0
21560.0,391.0,321.0,326.0
21610.0,393.0,322.0,325.0
21660.0,391.0,318.0,324.0
21710.0,394.0,323.0,325.0
21760.0,392.0,319.0,326.0
21810.0,392.0,321.0,325.0
21860.0,392.0,325.0,326.0
21910.0,393.0,325.0,326.0
21960.0,389.0,331.0,334.0
22010.0,384.0,352.0,350.0
22060.0,397.0,341.0,332.0
22110.0,382.0,344.0,347.0
22160.0,372.0,381.0,352.0
Time,xOut,yOut,zOut
50.0,338.0,340.0,388.0
100.0,337.0,340.0,388.0
150.0,337.0,340.0,388.0
200.0,337.0,340.0,388.0
250.0,337.0,340.0,388.0
300.0,337.0,340.0,388.0
350.0,337.0,340.0,388.0
400.0,338.0,340.0,388.0
450.0,337.0,340.0,388.0
500.0,337.0,340.0,388.0
550.0,337.0,340.0,388.0
600.0,337.0,340.0,388.0
650.0,337.0,340.0,388.0
700.0,337.0,340.0,388.0
750.0,337.0,340.0,388.0
800.0,338.0,340.0,388.0
850.0,337.0,340.0,388.0
900.0,337.0,340.0,388.0
950.0,338.0,340.0,388.0
1000.0,337.0,340.0,388.0
1050.0,337.0,340.0,388.0
1100.0,337.0,340.0,388.0
1150.0,337.0,340.0,388.0
1200.0,337.0,340.0,388.0
1250.0,338.0,340.0,388.0
1300.0,337.0,340.0,388.0
1350.0,337.0,340.0,388.0
1400.0,338.0,340.0,388.0
1451.0,337.0,340.0,388.0
1501.0,337.0,341.0,388.0
1551.0,338.0,340.0,389.0
1601.0,337.0,340.0,388.0
1651.0,337.0,340.0,388.0
1701.0,337.0,340.0,388.0
1751.0,337.0,340.0,388.0
1801.0,337.0,340.0,387.0
1851.0,337.0,340.0,388.0
1901.0,337.0,340.0,388.0
1951.0,337.0,340.0,388.0
2001.0,337.0,340.0,388.0
2051.0,337.0,340.0,388.0
2101.0,337.0,340.0,388.0
2151.0,337.0,340.0,388.0
2201.0,337.0,340.0,388.0
2251.0,337.0,340.0,388.0
2301.0,337.0,340.0,388.0
2351.0,337.0,340.0,388.0
2401.0,337.0,340.0,388.0
2451.0,337.0,340.0,388.0
2501.0,337.0,340.0,388.0
2551.0,337.0,340.0,388.0
2601.0,337.0,340.0,388.0
2651.0,337.0,340.0,388.0
2701.0,337.0,340.0,388.0
2751.0,337.0,340.0,388.0
2801.0,337.0,340.0,388.0
2851.0,337.0,340.0,388.0
2902.0,337.0,340.0,387.0
2952.0,338.0,340.0,388.0
3002.0,337.0,340.0,388.0
3052.0,337.0,341.0,388.0
3102.0,338.0,341.0,388.0
3152.0,338.0,341.0,388.0
3202.0,338.0,341.0,389.0
3252.0,338.0,341.0,388.0
3302.0,338.0,341.0,389.0
3352.0,338.0,341.0,389.0
3402.0,338.0,341.0,388.0
3452.0,338.0,341.0,389.0
3502.0,338.0,341.0,389.0
3552.0,338.0,341.0,389.0
3602.0,338.0,341.0,388.0
3652.0,338.0,341.0,389.0
3702.0,338.0,341.0,388.0
3752.0,303.0,322.0,352.0
3802.0,340.0,369.0,391.0
3852.0,355.0,330.0,392.0
3902.0,331.0,332.0,386.0
3952.0,344.0,343.0,386.0
4002.0,385.0,337.0,405.0
4052.0,331.0,336.0,388.0
4102.0,337.0,342.0,391.0
4152.0,333.0,336.0,387.0
4202.0,334.0,329.0,389.0
4252.0,333.0,331.0,391.0
4302.0,333.0,329.0,390.0
4352.0,338.0,331.0,399.0
4402.0,332.0,328.0,393.0
4452.0,333.0,327.0,392.0
4502.0,335.0,328.0,393.0
4552.0,337.0,329.0,390.0
4602.0,336.0,328.0,390.0
4652.0,333.0,327.0,391.0
4702.0,335.0,327.0,393.0
4752.0,334.0,324.0,393.0
4802.0,333.0,328.0,388.0
4852.0,335.0,326.0,388.0
4902.0,335.0,326.0,391.0
4952.0,333.0,326.0,393.0
5002.0,334.0,323.0,391.0
5052.0,333.0,322.0,392.0
5102.0,329.0,323.0,393.0
5152.0,336.0,319.0,390.0
5202.0,331.0,323.0,391.0
5252.0,335.0,323.0,387.0
5302.0,336.0,321.0,389.0
5352.0,332.0,320.0,395.0
5402.0,334.0,321.0,390.0
5452.0,335.0,321.0,390.0
5502.0,337.0,321.0,392.0
5552.0,337.0,325.0,392.0
5602.0,336.0,337.0,396.0
5652.0,341.0,333.0,397.0
5702.0,340.0,310.0,409.0
5752.0,332.0,349.0,390.0
5803.0,330.0,351.0,377.0
5853.0,330.0,366.0,373.0
5903.0,320.0,355.0,380.0
5953.0,382.0,247.0,400.0
6003.0,331.0,372.0,373.0
6053.0,340.0,379.0,362.0
6103.0,326.0,389.0,358.0
6153.0,321.0,376.0,351.0
6203.0,339.0,380.0,349.0
6253.0,353.0,402.0,356.0
6303.0,351.0,376.0,350.0
6353.0,333.0,390.0,347.0
6403.0,339.0,382.0,353.0
6453.0,344.0,392.0,341.0
6503.0,344.0,385.0,349.0
6553.0,346.0,380.0,341.0
6603.0,346.0,391.0,338.0
6653.0,343.0,382.0,340.0
6703.0,338.0,388.0,335.0
6753.0,332.0,390.0,341.0
6803.0,342.0,387.0,332.0
6853.0,336.0,393.0,329.0
6903.0,344.0,384.0,331.0
6953.0,349.0,391.0,323.0
7003.0,335.0,386.0,330.0
7053.0,333.0,386.0,327.0
7103.0,336.0,387.0,332.0
7153.0,339.0,390.0,323.0
7203.0,341.0,388.0,330.0
7254.0,341.0,390.0,329.0
7304.0,338.0,391.0,334.0
7354.0,337.0,389.0,339.0
7404.0,334.0,391.0,334.0
7454.0,339.0,386.0,335.0
7504.0,339.0,389.0,333.0
7554.0,335.0,388.0,337.0
7604.0,336.0,392.0,334.0
7654.0,332.0,388.0,337.0
7704.0,337.0,390.0,333.0
7754.0,337.0,390.0,333.0
7804.0,338.0,387.0,337.0
7854.0,334.0,391.0,335.0
7904.0,332.0,389.0,334.0
7954.0,345.0,386.0,333.0
8004.0,336.0,394.0,328.0
8054.0,338.0,386.0,337.0
8104.0,342.0,391.0,331.0
8154.0,336.0,388.0,335.0
8204.0,342.0,386.0,332.0
8254.0,343.0,390.0,335.0
8304.0,334.0,391.0,330.0
8354.0,343.0,387.0,330.0
8404.0,339.0,390.0,326.0
8454.0,335.0,386.0,328.0
8504.0,339.0,385.0,329.0
8554.0,336.0,391.0,327.0
8604.0,339.0,393.0,330.0
8654.0,331.0,391.0,329.0
8704.0,334.0,388.0,327.0
8754.0,336.0,389.0,327.0
8804.0,334.0,389.0,324.0
8854.0,337.0,389.0,326.0
8904.0,340.0,390.0,325.0
8954.0,337.0,392.0,324.0
9004.0,338.0,387.0,329.0
9054.0,336.0,391.0,323.0
9104.0,337.0,390.0,327.0
9154.0,336.0,389.0,329.0
9204.0,335.0,390.0,327.0
9254.0,339.0,388.0,325.0
9304.0,336.0,389.0,327.0
9354.0,332.0,391.0,330.0
9404.0,333.0,388.0,329.0
9454.0,336.0,385.0,329.0
9504.0,332.0,379.0,335.0
9554.0,320.0,394.0,352.0
9604.0,351.0,378.0,346.0
9654.0,339.0,374.0,369.0
9704.0,350.0,354.0,368.0
9754.0,338.0,377.0,378.0
9804.0,317.0,348.0,393.0
9854.0,329.0,338.0,390.0
9904.0,358.0,347.0,392.0
9954.0,343.0,318.0,392.0
10004.0,346.0,322.0,391.0
10054.0,345.0,325.0,395.0
10104.0,333.0,319.0,392.0
10155.0,332.0,320.0,393.0
10205.0,339.0,330.0,391.0
10255.0,337.0,320.0,389.0
10305.0,338.0,323.0,391.0
10355.0,323.0,318.0,391.0
10405.0,335.0,322.0,392.0
10455.0,326.0,316.0,391.0
10505.0,328.0,322.0,387.0
10555.0,326.0,319.0,391.0
10605.0,333.0,322.0,390.0
10655.0,330.0,325.0,392.0
10705.0,324.0,312.0,390.0
10755.0,338.0,321.0,395.0
10805.0,327.0,320.0,390.0
10855.0,330.0,320.0,391.0
10905.0,329.0,319.0,391.0
10955.0,329.0,320.0,390.0
11005.0,329.0,319.0,391.0
11055.0,329.0,319.0,392.0
11105.0,329.0,319.0,391.0
11155.0,329.0,319.0,391.0
11205.0,330.0,320.0,392.0
11255.0,330.0,321.0,392.0
11305.0,331.0,321.0,391.0
11355.0,330.0,321.0,390.0
11405.0,330.0,323.0,393.0
11455.0,333.0,322.0,389.0
11505.0,364.0,328.0,378.0
11555.0,327.0,324.0,392.0
11606.0,335.0,322.0,392.0
11656.0,343.0,318.0,394.0
11706.0,347.0,320.0,394.0
11756.0,368.0,327.0,389.0
11806.0,330.0,313.0,383.0
11856.0,352.0,325.0,367.0
11906.0,354.0,308.0,382.0
11956.0,403.0,321.0,368.0
12006.0,367.0,312.0,380.0
12056.0,361.0,311.0,366.0
12106.0,391.0,317.0,365.0
12156.0,379.0,332.0,356.0
12206.0,376.0,310.0,369.0
12256.0,395.0,323.0,355.0
12306.0,387.0,328.0,350.0
12356.0,371.0,321.0,349.0
12406.0,392.0,335.0,346.0
12456.0,396.0,323.0,339.0
12506.0,391.0,330.0,341.0
12556.0,397.0,333.0,337.0
12606.0,386.0,331.0,336.0
12656.0,394.0,330.0,335.0
12706.0,386.0,334.0,336.0
12756.0,394.0,333.0,334.0
12806.0,395.0,337.0,332.0
12856.0,388.0,341.0,333.0
12906.0,369.0,357.0,345.0
12956.0,404.0,356.0,348.0
13006.0,367.0,359.0,343.0
13056.0,353.0,388.0,345.0
13106.0,365.0,379.0,354.0
13156.0,342.0,368.0,358.0
13206.0,403.0,360.0,400.0
13256.0,345.0,396.0,377.0
13306.0,391.0,384.0,297.0
13356.0,349.0,392.0,340.0
13406.0,346.0,386.0,329.0
13456.0,356.0,389.0,317.0
13506.0,345.0,374.0,309.0
13556.0,334.0,380.0,306.0
13606.0,356.0,358.0,314.0
13656.0,345.0,391.0,284.0
13706.0,333.0,379.0,282.0
13756.0,335.0,361.0,279.0
13806.0,341.0,345.0,275.0
13856.0,330.0,351.0,285.0
13906.0,335.0,343.0,251.0
13956.0,319.0,344.0,269.0
14006.0,334.0,348.0,262.0
14056.0,319.0,344.0,267.0
14106.0,335.0,339.0,270.0
14156.0,332.0,334.0,263.0
14206.0,332.0,334.0,263.0
14256.0,329.0,333.0,263.0
14306.0,324.0,337.0,266.0
14356.0,323.0,334.0,268.0
14406.0,323.0,330.0,260.0
14456.0,322.0,341.0,265.0
14507.0,324.0,339.0,266.0
14557.0,322.0,338.0,259.0
14607.0,323.0,335.0,266.0
14657.0,327.0,338.0,260.0
14707.0,326.0,335.0,267.0
14757.0,333.0,335.0,264.0
14807.0,318.0,336.0,264.0
14857.0,325.0,328.0,259.0
14907.0,324.0,324.0,267.0
14957.0,322.0,324.0,262.0
15007.0,311.0,328.0,263.0
15057.0,314.0,337.0,263.0
15107.0,316.0,336.0,259.0
15157.0,314.0,330.0,265.0
15207.0,319.0,331.0,266.0
15257.0,323.0,317.0,266.0
15307.0,302.0,348.0,269.0
15357.0,312.0,329.0,262.0
15407.0,320.0,332.0,265.0
15457.0,314.0,330.0,262.0
15507.0,313.0,319.0,262.0
15557.0,317.0,340.0,264.0
15607.0,310.0,344.0,276.0
15657.0,332.0,337.0,264.0
15707.0,321.0,355.0,266.0
15757.0,321.0,353.0,285.0
15807.0,323.0,362.0,277.0
15857.0,337.0,400.0,301.0
15907.0,311.0,362.0,288.0
15958.0,317.0,363.0,296.0
16008.0,346.0,395.0,314.0
16058.0,324.0,391.0,317.0
16108.0,337.0,392.0,343.0
16158.0,341.0,400.0,340.0
16208.0,341.0,394.0,338.0
16258.0,339.0,386.0,337.0
16308.0,336.0,384.0,339.0
16358.0,334.0,386.0,343.0
16408.0,336.0,388.0,346.0
16458.0,338.0,386.0,347.0
16508.0,338.0,385.0,346.0
16558.0,337.0,384.0,347.0
16608.0,336.0,384.0,349.0
16658.0,337.0,384.0,350.0
16708.0,337.0,384.0,351.0
16758.0,337.0,383.0,351.0
16808.0,337.0,383.0,352.0
16858.0,337.0,382.0,352.0
16908.0,337.0,382.0,353.0
16958.0,337.0,382.0,354.0
17008.0,337.0,381.0,354.0
17058.0,337.0,381.0,354.0
17108.0,337.0,381.0,355.0
17158.0,336.0,381.0,356.0
17208.0,337.0,381.0,356.0
17258.0,337.0,380.0,357.0
17308.0,337.0,380.0,357.0
17358.0,337.0,380.0,357.0
17408.0,337.0,380.0,358.0
17458.0,337.0,380.0,358.0
17508.0,337.0,380.0,358.0
17558.0,337.0,379.0,359.0
17608.0,337.0,379.0,359.0
17658.0,337.0,379.0,359.0
17708.0,337.0,379.0,359.0
17758.0,337.0,379.0,360.0
17808.0,337.0,379.0,360.0
17858.0,337.0,379.0,360.0
17908.0,337.0,378.0,361.0
17958.0,337.0,378.0,361.0
18008.0,337.0,378.0,361.0
18058.0,336.0,378.0,361.0
18108.0,337.0,378.0,361.0
18158.0,337.0,378.0,362.0
18208.0,337.0,378.0,362.0
18258.0,337.0,378.0,362.0
18308.0,337.0,378.0,362.0
18358.0,336.0,378.0,362.0
18408.0,336.0,378.0,362.0
18458.0,336.0,377.0,362.0
18508.0,336.0,377.0,362.0
18558.0,336.0,378.0,363.0
18608.0,336.0,377.0,362.0
18658.0,336.0,377.0,362.0
18708.0,336.0,377.0,363.0
18758.0,336.0,377.0,364.0
18808.0,337.0,377.0,364.0
18859.0,336.0,377.0,363.0
18909.0,337.0,377.0,363.0
18959.0,336.0,377.0,363.0
19009.0,336.0,376.0,364.0
19059.0,336.0,376.0,364.0
19109.0,336.0,376.0,364.0
19159.0,336.0,377.0,364.0
19209.0,336.0,376.0,364.0
19259.0,336.0,376.0,364.0
19309.0,336.0,376.0,364.0
19359.0,336.0,376.0,364.0
19409.0,336.0,376.0,364.0
19459.0,336.0,376.0,364.0
19509.0,336.0,376.0,365.0
19559.0,336.0,376.0,365.0
19609.0,336.0,376.0,365.0
19659.0,336.0,375.0,365.0
19709.0,336.0,376.0,365.0
19759.0,336.0,376.0,365.0
19809.0,336.0,375.0,365.0
19859.0,336.0,375.0,365.0
19909.0,336.0,375.0,365.0
19959.0,336.0,376.0,365.0
20009.0,336.0,375.0,366.0
20059.0,336.0,375.0,366.0
20109.0,336.0,375.0,366.0
20159.0,336.0,375.0,366.0
20209.0,336.0,375.0,366.0
20259.0,336.0,375.0,365.0
20310.0,336.0,375.0,366.0
Time,xOut,yOut,zOut
50.0,335.0,373.0,368.0
100.0,335.0,373.0,369.0
150.0,334.0,373.0,369.0
200.0,335.0,373.0,368.0
250.0,335.0,373.0,369.0
300.0,335.0,373.0,369.0
350.0,335.0,373.0,369.0
400.0,335.0,373.0,369.0
450.0,335.0,373.0,369.0
500.0,335.0,373.0,369.0
550.0,335.0,373.0,369.0
600.0,335.0,373.0,369.0
650.0,335.0,372.0,369.0
700.0,335.0,373.0,369.0
750.0,335.0,373.0,369.0
800.0,335.0,373.0,369.0
850.0,335.0,373.0,369.0
900.0,335.0,373.0,369.0
950.0,335.0,373.0,369.0
1000.0,335.0,373.0,369.0
1050.0,335.0,373.0,369.0
1100.0,335.0,373.0,369.0
1150.0,335.0,373.0,369.0
1200.0,335.0,373.0,369.0
1250.0,335.0,372.0,369.0
1300.0,335.0,373.0,369.0
1350.0,335.0,373.0,369.0
1400.0,335.0,373.0,369.0
1451.0,335.0,373.0,369.0
1501.0,335.0,373.0,369.0
1551.0,335.0,373.0,369.0
1601.0,335.0,373.0,369.0
1651.0,335.0,373.0,369.0
1701.0,335.0,373.0,369.0
1751.0,335.0,372.0,369.0
1801.0,335.0,373.0,369.0
1851.0,335.0,373.0,369.0
1901.0,335.0,373.0,369.0
1951.0,335.0,373.0,369.0
2001.0,335.0,373.0,369.0
2051.0,335.0,373.0,369.0
2101.0,335.0,373.0,369.0
2151.0,335.0,373.0,369.0
2201.0,335.0,372.0,369.0
2251.0,335.0,373.0,369.0
2301.0,335.0,372.0,369.0
2351.0,335.0,372.0,369.0
2401.0,335.0,373.0,369.0
2451.0,335.0,372.0,369.0
2501.0,335.0,372.0,369.0
2551.0,335.0,373.0,369.0
2601.0,335.0,373.0,369.0
2651.0,335.0,373.0,369.0
2701.0,335.0,372.0,369.0
2751.0,335.0,372.0,369.0
2801.0,335.0,372.0,369.0
2851.0,335.0,372.0,369.0
2902.0,335.0,372.0,369.0
2952.0,335.0,373.0,369.0
3002.0,335.0,372.0,369.0
3052.0,335.0,372.0,369.0
3102.0,335.0,373.0,369.0
3152.0,335.0,373.0,369.0
3202.0,335.0,372.0,369.0
3252.0,335.0,372.0,370.0
3302.0,335.0,372.0,369.0
3352.0,335.0,373.0,369.0
3402.0,335.0,373.0,370.0
3452.0,335.0,372.0,371.0
3502.0,336.0,372.0,369.0
3552.0,335.0,374.0,369.0
3602.0,335.0,374.0,371.0
3652.0,335.0,373.0,370.0
3702.0,335.0,372.0,369.0
3752.0,335.0,373.0,370.0
3802.0,335.0,373.0,370.0
3852.0,335.0,373.0,370.0
3902.0,335.0,372.0,369.0
3952.0,319.0,418.0,331.0
4002.0,357.0,336.0,397.0
4052.0,363.0,361.0,386.0
4102.0,338.0,362.0,383.0
4152.0,365.0,343.0,407.0
4202.0,338.0,354.0,382.0
4252.0,351.0,320.0,389.0
4302.0,361.0,328.0,380.0
4352.0,350.0,328.0,382.0
4402.0,359.0,325.0,383.0
4452.0,343.0,325.0,388.0
4502.0,348.0,325.0,387.0
4552.0,351.0,332.0,392.0
4602.0,348.0,322.0,389.0
4652.0,347.0,328.0,386.0
4702.0,339.0,328.0,387.0
4752.0,328.0,328.0,389.0
4802.0,337.0,329.0,390.0
4852.0,331.0,328.0,395.0
4902.0,328.0,331.0,392.0
4952.0,329.0,330.0,392.0
5002.0,329.0,330.0,390.0
5052.0,327.0,333.0,393.0
5102.0,332.0,329.0,390.0
5152.0,329.0,335.0,389.0
5202.0,325.0,337.0,392.0
5252.0,341.0,335.0,388.0
5302.0,330.0,338.0,389.0
5352.0,332.0,336.0,390.0
5402.0,327.0,334.0,391.0
5452.0,331.0,336.0,392.0
Time,xOut,yOut,zOut
50.0,336.0,348.0,387.0
100.0,336.0,348.0,387.0
150.0,336.0,348.0,387.0
200.0,336.0,348.0,387.0
250.0,336.0,348.0,387.0
300.0,336.0,348.0,387.0
350.0,336.0,348.0,387.0
400.0,336.0,348.0,387.0
450.0,336.0,348.0,387.0
500.0,336.0,348.0,387.0
550.0,336.0,348.0,387.0
600.0,336.0,348.0,387.0
650.0,336.0,348.0,387.0
700.0,336.0,348.0,387.0
750.0,336.0,348.0,387.0
800.0,336.0,348.0,387.0
850.0,336.0,348.0,387.0
900.0,336.0,348.0,387.0
950.0,336.0,348.0,387.0
1000.0,336.0,348.0,387.0
1050.0,336.0,348.0,387.0
1100.0,336.0,348.0,387.0
1150.0,336.0,348.0,387.0
1200.0,336.0,348.0,387.0
1250.0,336.0,348.0,387.0
1300.0,336.0,348.0,387.0
1350.0,336.0,348.0,387.0
1400.0,336.0,348.0,386.0
1451.0,336.0,348.0,387.0
1501.0,336.0,348.0,387.0
1551.0,336.0,348.0,387.0
1601.0,336.0,348.0,387.0
1651.0,336.0,348.0,387.0
1701.0,336.0,348.0,387.0
1751.0,336.0,348.0,387.0
1801.0,336.0,348.0,387.0
1851.0,336.0,348.0,387.0
1901.0,336.0,348.0,387.0
1951.0,336.0,348.0,387.0
2001.0,336.0,348.0,387.0
2051.0,336.0,348.0,387.0
2101.0,336.0,348.0,387.0
2151.0,336.0,348.0,387.0
2201.0,336.0,348.0,387.0
2251.0,336.0,348.0,387.0
2301.0,336.0,348.0,387.0
2351.0,336.0,348.0,387.0
2401.0,336.0,348.0,387.0
2451.0,336.0,348.0,387.0
2501.0,336.0,348.0,387.0
2551.0,336.0,348.0,387.0
2601.0,336.0,348.0,387.0
2651.0,336.0,348.0,387.0
2701.0,336.0,348.0,387.0
2751.0,336.0,348.0,387.0
2801.0,336.0,348.0,387.0
2851.0,336.0,348.0,387.0
2902.0,336.0,348.0,387.0
2952.0,336.0,348.0,387.0
3002.0,336.0,348.0,387.0
3052.0,336.0,348.0,387.0
3102.0,336.0,348.0,387.0
3152.0,336.0,348.0,387.0
3202.0,336.0,348.0,387.0
3252.0,336.0,348.0,387.0
3302.0,336.0,348.0,387.0
3352.0,336.0,348.0,387.0
3402.0,336.0,348.0,387.0
3452.0,336.0,348.0,387.0
3502.0,336.0,348.0,387.0
3552.0,336.0,348.0,387.0
3602.0,336.0,348.0,387.0
3652.0,336.0,348.0,387.0
3702.0,336.0,348.0,387.0
3752.0,336.0,348.0,387.0
3802.0,336.0,348.0,387.0
3852.0,336.0,348.0,387.0
Time,xOut,yOut,zOut
50.0,336.0,348.0,387.0
100.0,336.0,348.0,387.0
150.0,336.0,348.0,387.0
200.0,336.0,348.0,387.0
250.0,336.0,348.0,387.0
300.0,336.0,348.0,387.0
350.0,336.0,348.0,387.0
400.0,336.0,348.0,387.0
450.0,336.0,348.0,387.0
500.0,336.0,348.0,387.0
550.0,336.0,348.0,387.0
600.0,336.0,348.0,387.0
650.0,336.0,348.0,387.0
700.0,336.0,348.0,387.0
750.0,336.0,348.0,387.0
800.0,336.0,348.0,387.0
850.0,336.0,348.0,387.0
900.0,336.0,348.0,387.0
950.0,336.0,348.0,387.0
1000.0,336.0,348.0,387.0
1050.0,336.0,348.0,387.0
1100.0,336.0,348.0,387.0
1150.0,336.0,348.0,387.0
1200.0,336.0,348.0,387.0
1250.0,336.0,348.0,387.0
1300.0,336.0,348.0,387.0
1350.0,336.0,348.0,387.0
1400.0,336.0,348.0,387.0
1451.0,336.0,348.0,387.0
1501.0,336.0,348.0,387.0
1551.0,336.0,348.0,387.0
1601.0,336.0,348.0,387.0
1651.0,336.0,348.0,387.0
1701.0,336.0,348.0,387.0
1751.0,336.0,348.0,387.0
1801.0,336.0,348.0,387.0
1851.0,336.0,348.0,387.0
1901.0,336.0,348.0,387.0
1951.0,336.0,348.0,387.0
2001.0,336.0,348.0,387.0
2051.0,336.0,348.0,387.0
2101.0,336.0,348.0,387.0
2151.0,336.0,348.0,387.0
2201.0,336.0,348.0,387.0
2251.0,336.0,348.0,387.0
2301.0,336.0,348.0,387.0
2351.0,336.0,348.0,387.0
2401.0,336.0,348.0,387.0
2451.0,336.0,348.0,387.0
2501.0,336.0,348.0,387.0
2551.0,336.0,348.0,387.0
2601.0,336.0,348.0,387.0
2651.0,336.0,348.0,387.0
2701.0,336.0,348.0,387.0
2751.0,336.0,348.0,387.0
2801.0,336.0,348.0,387.0
2851.0,336.0,348.0,387.0
2902.0,336.0,348.0,387.0
2952.0,336.0,348.0,387.0
3002.0,336.0,348.0,387.0
3052.0,336.0,348.0,387.0
3102.0,336.0,348.0,387.0
3152.0,336.0,348.0,387.0
3202.0,336.0,348.0,387.0
3252.0,336.0,348.0,387.0
3302.0,336.0,348.0,387.0
3352.0,336.0,348.0,387.0
3402.0,336.0,349.0,388.0
3452.0,337.0,349.0,388.0
3502.0,336.0,349.0,388.0
3552.0,336.0,349.0,388.0
3602.0,337.0,349.0,388.0
3652.0,337.0,349.0,388.0
3702.0,336.0,349.0,388.0
3752.0,337.0,349.0,388.0
3802.0,337.0,349.0,388.0
3852.0,337.0,349.0,388.0
3902.0,337.0,349.0,389.0
3952.0,337.0,349.0,388.0
4002.0,337.0,349.0,388.0
4052.0,337.0,349.0,388.0
4102.0,337.0,349.0,388.0
4152.0,337.0,349.0,388.0
4202.0,337.0,349.0,388.0
4252.0,337.0,349.0,388.0
4302.0,337.0,349.0,388.0
4352.0,337.0,349.0,388.0
4402.0,337.0,349.0,388.0
4452.0,337.0,349.0,388.0
4502.0,337.0,349.0,388.0
4552.0,337.0,349.0,388.0
4602.0,337.0,349.0,388.0
4652.0,337.0,349.0,388.0
4702.0,337.0,349.0,388.0
4752.0,337.0,349.0,388.0
4802.0,337.0,349.0,388.0
4852.0,337.0,349.0,388.0
4902.0,337.0,349.0,388.0
4952.0,336.0,349.0,388.0
5002.0,337.0,349.0,388.0
5052.0,337.0,349.0,388.0
5102.0,337.0,349.0,388.0
5152.0,337.0,349.0,388.0
5202.0,337.0,349.0,388.0
5252.0,336.0,349.0,388.0
Time,xOut,yOut,zOut
50.0,336.0,349.0,387.0
100.0,336.0,348.0,388.0
150.0,336.0,348.0,387.0
200.0,336.0,348.0,388.0
250.0,336.0,348.0,387.0
300.0,336.0,349.0,387.0
350.0,336.0,348.0,387.0
400.0,336.0,347.0,388.0
450.0,334.0,348.0,387.0
500.0,335.0,349.0,386.0
550.0,336.0,347.0,389.0
600.0,335.0,348.0,386.0
650.0,335.0,348.0,387.0
700.0,336.0,345.0,385.0
750.0,334.0,350.0,387.0
800.0,333.0,347.0,385.0
850.0,334.0,348.0,387.0
900.0,334.0,347.0,387.0
950.0,335.0,347.0,388.0
1000.0,335.0,348.0,387.0
1050.0,334.0,348.0,389.0
1100.0,334.0,349.0,388.0
1150.0,334.0,349.0,388.0
1200.0,334.0,349.0,388.0
1250.0,334.0,349.0,387.0
1300.0,334.0,349.0,387.0
1350.0,334.0,349.0,387.0
1400.0,334.0,349.0,388.0
1451.0,334.0,349.0,387.0
1501.0,334.0,349.0,387.0
1551.0,334.0,349.0,387.0
1601.0,334.0,349.0,388.0
1651.0,334.0,349.0,387.0
1701.0,334.0,350.0,388.0
1751.0,333.0,349.0,387.0
1801.0,334.0,349.0,387.0
1851.0,334.0,349.0,387.0
1901.0,334.0,349.0,386.0
1951.0,334.0,349.0,387.0
2001.0,334.0,349.0,387.0
2051.0,334.0,348.0,387.0
2101.0,333.0,349.0,387.0
2151.0,334.0,348.0,387.0
2201.0,333.0,349.0,387.0
2251.0,334.0,348.0,386.0
2301.0,334.0,349.0,387.0
2351.0,334.0,349.0,387.0
2401.0,334.0,349.0,387.0
2451.0,333.0,349.0,388.0
2501.0,334.0,349.0,387.0
2551.0,334.0,349.0,387.0
2601.0,334.0,349.0,387.0
2651.0,333.0,349.0,388.0
2701.0,334.0,349.0,387.0
2751.0,334.0,349.0,387.0
2801.0,334.0,349.0,387.0
2851.0,334.0,349.0,387.0
2902.0,333.0,348.0,387.0
2952.0,333.0,349.0,387.0
3002.0,334.0,349.0,387.0
3052.0,334.0,349.0,387.0
3102.0,333.0,349.0,387.0
3152.0,333.0,349.0,387.0
3202.0,334.0,349.0,387.0
3252.0,334.0,349.0,387.0
3302.0,333.0,349.0,387.0
3352.0,334.0,348.0,388.0
3402.0,334.0,348.0,387.0
3452.0,334.0,348.0,387.0
3502.0,334.0,349.0,387.0
3552.0,334.0,349.0,387.0
3602.0,333.0,349.0,387.0
3652.0,334.0,350.0,389.0
3702.0,334.0,349.0,387.0
3752.0,333.0,349.0,387.0
3802.0,332.0,348.0,387.0
3852.0,332.0,349.0,386.0
3902.0,332.0,349.0,386.0
3952.0,333.0,348.0,386.0
4002.0,333.0,349.0,387.0
4052.0,333.0,349.0,387.0
4102.0,334.0,351.0,390.0
4152.0,334.0,345.0,385.0
4202.0,334.0,345.0,387.0
4252.0,335.0,347.0,388.0
4302.0,335.0,346.0,387.0
4352.0,334.0,348.0,386.0
4402.0,334.0,347.0,386.0
4452.0,334.0,347.0,386.0
4502.0,335.0,347.0,386.0
4552.0,335.0,347.0,386.0
4602.0,335.0,347.0,387.0
4652.0,335.0,347.0,387.0
4702.0,335.0,349.0,387.0
4752.0,335.0,349.0,387.0
4802.0,335.0,348.0,387.0
4852.0,335.0,347.0,387.0
4902.0,335.0,348.0,387.0
4952.0,335.0,347.0,387.0
5002.0,335.0,348.0,387.0
5052.0,335.0,348.0,387.0
5102.0,335.0,348.0,387.0
5152.0,335.0,347.0,386.0
5202.0,335.0,347.0,387.0
5252.0,335.0,348.0,386.0
5302.0,334.0,347.0,385.0
5352.0,335.0,345.0,387.0
5402.0,335.0,350.0,389.0
5452.0,336.0,347.0,388.0
5502.0,335.0,345.0,386.0
5552.0,335.0,347.0,387.0
5602.0,336.0,346.0,389.0
5652.0,335.0,346.0,386.0
5702.0,335.0,345.0,389.0
5752.0,334.0,347.0,387.0
5803.0,334.0,347.0,386.0
5853.0,343.0,339.0,392.0
5903.0,339.0,342.0,387.0
5953.0,332.0,350.0,385.0
6003.0,337.0,347.0,387.0
6053.0,337.0,344.0,388.0
6103.0,336.0,346.0,388.0
6153.0,336.0,348.0,386.0
6203.0,335.0,345.0,386.0
6253.0,335.0,347.0,387.0
6303.0,336.0,346.0,387.0
6353.0,335.0,346.0,387.0
6403.0,337.0,344.0,385.0
6453.0,340.0,348.0,387.0
6503.0,337.0,334.0,388.0
6553.0,341.0,351.0,388.0
6603.0,339.0,320.0,381.0
6653.0,343.0,345.0,395.0
6703.0,336.0,326.0,388.0
6753.0,345.0,337.0,392.0
6803.0,326.0,322.0,401.0
6853.0,335.0,324.0,388.0
6903.0,327.0,322.0,395.0
6953.0,334.0,321.0,387.0
7003.0,329.0,319.0,397.0
7053.0,335.0,322.0,388.0
7103.0,335.0,324.0,393.0
7153.0,334.0,321.0,391.0
7203.0,335.0,323.0,392.0
7254.0,334.0,322.0,392.0
7304.0,334.0,322.0,390.0
7354.0,333.0,320.0,392.0
7404.0,334.0,320.0,390.0
7454.0,336.0,321.0,392.0
7504.0,335.0,322.0,391.0
7554.0,335.0,321.0,390.0
7604.0,335.0,322.0,390.0
7654.0,336.0,321.0,391.0
7704.0,336.0,323.0,393.0
7754.0,336.0,322.0,391.0
7804.0,335.0,323.0,391.0
7854.0,336.0,326.0,391.0
7904.0,335.0,327.0,386.0
7954.0,329.0,322.0,391.0
8004.0,330.0,330.0,392.0
8054.0,329.0,334.0,393.0
8104.0,330.0,339.0,392.0
8154.0,336.0,333.0,390.0
8204.0,334.0,336.0,391.0
8254.0,327.0,343.0,389.0
8304.0,334.0,359.0,394.0
8354.0,332.0,349.0,389.0
8404.0,330.0,363.0,385.0
8454.0,330.0,357.0,378.0
8504.0,335.0,369.0,379.0
8554.0,336.0,356.0,384.0
8604.0,329.0,374.0,375.0
8654.0,326.0,296.0,399.0
8704.0,321.0,369.0,369.0
8754.0,300.0,362.0,365.0
8804.0,330.0,377.0,365.0
8854.0,293.0,374.0,366.0
8904.0,327.0,386.0,360.0
8954.0,326.0,380.0,356.0
9004.0,330.0,392.0,361.0
9054.0,321.0,382.0,348.0
9104.0,326.0,392.0,346.0
9154.0,324.0,390.0,344.0
9204.0,320.0,395.0,340.0
9254.0,331.0,388.0,343.0
9304.0,329.0,388.0,340.0
9354.0,323.0,388.0,344.0
9404.0,327.0,392.0,334.0
9454.0,322.0,384.0,338.0
9504.0,328.0,390.0,336.0
9554.0,318.0,386.0,346.0
9604.0,313.0,396.0,342.0
9654.0,314.0,389.0,336.0
9704.0,312.0,386.0,335.0
9754.0,331.0,392.0,338.0
9804.0,308.0,388.0,337.0
9854.0,320.0,389.0,311.0
9904.0,313.0,391.0,331.0
9954.0,320.0,392.0,328.0
10004.0,320.0,386.0,324.0
10054.0,317.0,388.0,330.0
10104.0,329.0,387.0,323.0
10155.0,322.0,388.0,325.0
10205.0,325.0,388.0,321.0
10255.0,326.0,386.0,315.0
10305.0,313.0,393.0,332.0
10355.0,325.0,391.0,323.0
10405.0,313.0,391.0,323.0
10455.0,323.0,390.0,321.0
10505.0,319.0,387.0,322.0
10555.0,323.0,390.0,321.0
10605.0,318.0,390.0,317.0
10655.0,323.0,390.0,322.0
10705.0,323.0,390.0,319.0
10755.0,319.0,386.0,323.0
10805.0,327.0,391.0,318.0
10855.0,320.0,390.0,319.0
10905.0,327.0,389.0,320.0
10955.0,318.0,388.0,318.0
11005.0,325.0,391.0,320.0
11055.0,318.0,389.0,318.0
11105.0,320.0,390.0,319.0
11155.0,325.0,390.0,319.0
11205.0,319.0,388.0,314.0
11255.0,327.0,391.0,320.0
11305.0,317.0,389.0,318.0
11355.0,320.0,389.0,321.0
11405.0,317.0,388.0,324.0
11455.0,316.0,386.0,319.0
11505.0,325.0,389.0,319.0
11555.0,312.0,387.0,312.0
11606.0,326.0,389.0,317.0
11656.0,321.0,390.0,316.0
11706.0,323.0,390.0,318.0
11756.0,321.0,390.0,319.0
11806.0,319.0,391.0,320.0
11856.0,322.0,390.0,319.0
11906.0,321.0,391.0,317.0
11956.0,324.0,387.0,316.0
12006.0,325.0,386.0,313.0
12056.0,322.0,387.0,310.0
12106.0,327.0,389.0,311.0
12156.0,323.0,388.0,315.0
12206.0,325.0,390.0,311.0
12256.0,324.0,389.0,314.0
12306.0,325.0,390.0,312.0
12356.0,324.0,388.0,314.0
12406.0,327.0,388.0,314.0
12456.0,325.0,389.0,313.0
12506.0,323.0,388.0,313.0
12556.0,325.0,390.0,315.0
12606.0,321.0,388.0,315.0
12656.0,325.0,386.0,317.0
12706.0,330.0,384.0,319.0
12756.0,323.0,384.0,340.0
12806.0,329.0,382.0,334.0
12856.0,330.0,393.0,335.0
12906.0,338.0,385.0,349.0
12956.0,342.0,392.0,348.0
13006.0,331.0,379.0,363.0
13056.0,344.0,378.0,367.0
13106.0,343.0,388.0,370.0
13156.0,338.0,369.0,377.0
13206.0,338.0,370.0,376.0
13256.0,327.0,364.0,380.0
13306.0,333.0,350.0,376.0
13356.0,324.0,361.0,383.0
13406.0,327.0,349.0,385.0
13456.0,326.0,336.0,385.0
13506.0,344.0,351.0,392.0
13556.0,317.0,329.0,393.0
13606.0,328.0,334.0,393.0
13656.0,332.0,331.0,392.0
13706.0,332.0,330.0,392.0
13756.0,331.0,325.0,390.0
13806.0,335.0,319.0,393.0
13856.0,336.0,323.0,391.0
13906.0,333.0,325.0,394.0
13956.0,333.0,321.0,390.0
14006.0,336.0,319.0,391.0
14056.0,333.0,323.0,394.0
14106.0,334.0,320.0,391.0
14156.0,340.0,313.0,391.0
14206.0,332.0,320.0,391.0
14256.0,335.0,318.0,391.0
14306.0,335.0,316.0,391.0
14356.0,335.0,318.0,392.0
14406.0,335.0,318.0,391.0
14456.0,336.0,318.0,391.0
14507.0,335.0,318.0,391.0
14557.0,335.0,318.0,386.0
14607.0,336.0,318.0,392.0
14657.0,334.0,318.0,393.0
14707.0,333.0,318.0,394.0
14757.0,335.0,318.0,391.0
14807.0,334.0,318.0,392.0
14857.0,334.0,319.0,390.0
Time,xOut,yOut,zOut
50.0,342.0,353.0,390.0
100.0,288.0,353.0,392.0
150.0,338.0,341.0,384.0
200.0,329.0,345.0,391.0
250.0,325.0,343.0,389.0
300.0,336.0,350.0,390.0
350.0,331.0,343.0,392.0
400.0,329.0,340.0,389.0
450.0,335.0,339.0,390.0
500.0,328.0,335.0,393.0
550.0,334.0,333.0,392.0
600.0,333.0,336.0,392.0
650.0,321.0,329.0,394.0
700.0,333.0,325.0,387.0
750.0,328.0,330.0,395.0
800.0,332.0,326.0,392.0
850.0,332.0,326.0,393.0
900.0,329.0,325.0,391.0
950.0,330.0,323.0,392.0
1000.0,329.0,325.0,395.0
1050.0,328.0,322.0,392.0
1100.0,329.0,321.0,392.0
1150.0,320.0,325.0,408.0
1200.0,324.0,325.0,393.0
1250.0,321.0,322.0,390.0
1300.0,340.0,325.0,406.0
1350.0,330.0,325.0,393.0
1400.0,346.0,330.0,391.0
1451.0,306.0,330.0,400.0
1501.0,333.0,325.0,390.0
1551.0,335.0,325.0,390.0
1601.0,334.0,326.0,397.0
1651.0,325.0,329.0,403.0
1701.0,314.0,332.0,389.0
1751.0,338.0,321.0,389.0
1801.0,335.0,320.0,392.0
1851.0,335.0,321.0,393.0
1901.0,334.0,321.0,390.0
1951.0,336.0,322.0,392.0
2001.0,337.0,321.0,390.0
2051.0,334.0,322.0,392.0
2101.0,351.0,323.0,389.0
2151.0,336.0,323.0,392.0
2201.0,336.0,324.0,391.0
2251.0,335.0,322.0,388.0
2301.0,337.0,323.0,391.0
2351.0,334.0,324.0,392.0
2401.0,334.0,323.0,392.0
2451.0,336.0,324.0,392.0
2501.0,331.0,329.0,394.0
2551.0,335.0,325.0,395.0
2601.0,333.0,321.0,388.0
2651.0,337.0,330.0,392.0
2701.0,338.0,325.0,389.0
2751.0,338.0,325.0,388.0
2801.0,331.0,323.0,396.0
2851.0,334.0,324.0,391.0
2902.0,339.0,329.0,391.0
2952.0,338.0,329.0,393.0
3002.0,335.0,328.0,392.0
3052.0,338.0,328.0,391.0
3102.0,339.0,332.0,389.0
3152.0,336.0,331.0,391.0
3202.0,340.0,333.0,389.0
3252.0,332.0,338.0,393.0
3302.0,344.0,338.0,389.0
3352.0,338.0,339.0,390.0
3402.0,338.0,344.0,385.0
3452.0,337.0,344.0,390.0
3502.0,337.0,350.0,387.0
3552.0,335.0,345.0,385.0
3602.0,341.0,354.0,386.0
3652.0,336.0,353.0,383.0
3702.0,338.0,361.0,380.0
3752.0,340.0,359.0,381.0
3802.0,335.0,359.0,379.0
3852.0,337.0,366.0,378.0
3902.0,337.0,362.0,378.0
3952.0,337.0,374.0,372.0
4002.0,339.0,370.0,376.0
4052.0,338.0,374.0,367.0
4102.0,336.0,379.0,366.0
4152.0,345.0,377.0,357.0
4202.0,337.0,383.0,358.0
4252.0,335.0,380.0,353.0
4302.0,342.0,382.0,350.0
4352.0,333.0,380.0,355.0
4402.0,344.0,386.0,350.0
4452.0,333.0,392.0,352.0
4502.0,340.0,389.0,338.0
4552.0,336.0,389.0,335.0
4602.0,340.0,382.0,332.0
4652.0,336.0,386.0,330.0
4702.0,344.0,385.0,328.0
4752.0,337.0,391.0,323.0
4802.0,338.0,390.0,332.0
4852.0,335.0,394.0,323.0
4902.0,332.0,388.0,333.0
4952.0,334.0,390.0,326.0
5002.0,333.0,389.0,332.0
5052.0,333.0,390.0,325.0
5102.0,329.0,390.0,324.0
5152.0,334.0,388.0,327.0
5202.0,336.0,390.0,323.0
5252.0,333.0,390.0,325.0
5302.0,334.0,390.0,322.0
5352.0,330.0,388.0,325.0
5402.0,339.0,392.0,321.0
5452.0,330.0,390.0,323.0
5502.0,340.0,388.0,324.0
5552.0,330.0,391.0,321.0
5602.0,333.0,387.0,325.0
5652.0,335.0,392.0,318.0
5702.0,330.0,390.0,326.0
5752.0,336.0,391.0,322.0
5803.0,333.0,390.0,324.0
5853.0,336.0,389.0,323.0
5903.0,334.0,391.0,321.0
5953.0,339.0,388.0,324.0
6003.0,333.0,391.0,318.0
6053.0,337.0,389.0,325.0
6103.0,333.0,391.0,321.0
6153.0,334.0,389.0,325.0
6203.0,333.0,389.0,326.0
6253.0,335.0,390.0,322.0
6303.0,336.0,389.0,325.0
6353.0,335.0,391.0,322.0
6403.0,334.0,390.0,326.0
6453.0,335.0,391.0,323.0
6503.0,334.0,390.0,324.0
6553.0,337.0,389.0,325.0
6603.0,333.0,391.0,321.0
6653.0,335.0,388.0,326.0
6703.0,334.0,389.0,324.0
6753.0,334.0,389.0,326.0
6803.0,335.0,390.0,323.0
6853.0,333.0,391.0,324.0
6903.0,336.0,389.0,326.0
6953.0,333.0,391.0,323.0
7003.0,335.0,388.0,328.0
7053.0,335.0,390.0,324.0
7103.0,336.0,389.0,325.0
7153.0,334.0,390.0,327.0
7203.0,333.0,391.0,325.0
7254.0,337.0,389.0,328.0
7304.0,334.0,390.0,325.0
7354.0,335.0,390.0,330.0
7404.0,334.0,391.0,325.0
7454.0,338.0,389.0,330.0
7504.0,332.0,390.0,325.0
7554.0,336.0,387.0,329.0
7604.0,334.0,387.0,330.0
7654.0,337.0,389.0,332.0
7704.0,333.0,389.0,336.0
7754.0,333.0,390.0,339.0
7804.0,335.0,390.0,340.0
7854.0,330.0,385.0,349.0
7904.0,333.0,387.0,346.0
7954.0,334.0,384.0,351.0
Time,xOut,yOut,zOut
50.0,330.0,335.0,393.0
100.0,330.0,325.0,392.0
150.0,337.0,331.0,391.0
200.0,329.0,326.0,393.0
250.0,336.0,337.0,390.0
300.0,328.0,336.0,391.0
350.0,332.0,337.0,388.0
400.0,335.0,337.0,385.0
450.0,330.0,336.0,392.0
500.0,332.0,340.0,386.0
550.0,333.0,339.0,392.0
600.0,337.0,344.0,392.0
650.0,336.0,339.0,399.0
700.0,329.0,348.0,391.0
750.0,330.0,346.0,392.0
800.0,331.0,358.0,388.0
850.0,313.0,365.0,384.0
900.0,337.0,364.0,367.0
950.0,323.0,371.0,362.0
1000.0,327.0,368.0,369.0
1050.0,323.0,385.0,353.0
1100.0,327.0,387.0,354.0
1150.0,320.0,378.0,356.0
1200.0,319.0,395.0,338.0
1250.0,327.0,378.0,355.0
1300.0,321.0,388.0,340.0
1350.0,314.0,382.0,334.0
1400.0,327.0,384.0,332.0
1451.0,311.0,388.0,327.0
1501.0,326.0,385.0,338.0
1551.0,330.0,396.0,331.0
1601.0,333.0,392.0,337.0
1651.0,333.0,392.0,328.0
1701.0,328.0,388.0,335.0
1751.0,334.0,385.0,331.0
1801.0,330.0,389.0,331.0
1851.0,338.0,388.0,335.0
1901.0,331.0,391.0,333.0
1951.0,340.0,390.0,337.0
2001.0,332.0,391.0,336.0
2051.0,332.0,388.0,337.0
2101.0,327.0,389.0,335.0
2151.0,330.0,388.0,336.0
2201.0,327.0,391.0,334.0
2251.0,329.0,389.0,335.0
2301.0,334.0,389.0,332.0
2351.0,323.0,389.0,337.0
2401.0,330.0,389.0,336.0
2451.0,331.0,391.0,335.0
2501.0,328.0,390.0,334.0
2551.0,339.0,391.0,339.0
2601.0,330.0,390.0,333.0
2651.0,335.0,387.0,342.0
2701.0,329.0,392.0,338.0
2751.0,335.0,387.0,340.0
2801.0,328.0,389.0,337.0
2851.0,331.0,389.0,338.0
2902.0,330.0,389.0,337.0
2952.0,331.0,391.0,336.0
3002.0,330.0,388.0,341.0
3052.0,328.0,390.0,334.0
3102.0,329.0,388.0,338.0
3152.0,328.0,389.0,334.0
3202.0,328.0,389.0,336.0
3252.0,327.0,389.0,336.0
3302.0,327.0,389.0,337.0
3352.0,329.0,389.0,336.0
3402.0,326.0,389.0,336.0
3452.0,329.0,389.0,336.0
3502.0,327.0,391.0,335.0
3552.0,327.0,390.0,336.0
3602.0,331.0,389.0,336.0
3652.0,325.0,391.0,335.0
3702.0,332.0,388.0,337.0
3752.0,325.0,390.0,332.0
3802.0,327.0,388.0,337.0
3852.0,324.0,390.0,332.0
3902.0,326.0,389.0,335.0
3952.0,327.0,388.0,335.0
4002.0,323.0,391.0,330.0
4052.0,328.0,389.0,335.0
4102.0,325.0,392.0,332.0
4152.0,325.0,389.0,335.0
4202.0,328.0,388.0,334.0
4252.0,326.0,390.0,333.0
4302.0,327.0,390.0,332.0
4352.0,327.0,391.0,331.0
4402.0,327.0,389.0,335.0
4452.0,325.0,390.0,332.0
4502.0,328.0,389.0,334.0
4552.0,324.0,390.0,332.0
4602.0,328.0,389.0,334.0
4652.0,325.0,389.0,333.0
4702.0,329.0,389.0,335.0
4752.0,326.0,391.0,333.0
4802.0,326.0,390.0,334.0
4852.0,327.0,390.0,334.0
4902.0,326.0,389.0,334.0
4952.0,326.0,389.0,333.0
5002.0,325.0,389.0,334.0
5052.0,328.0,390.0,334.0
5102.0,327.0,392.0,331.0
5152.0,328.0,389.0,335.0
5202.0,326.0,390.0,332.0
5252.0,327.0,388.0,335.0
5302.0,327.0,389.0,332.0
5352.0,326.0,390.0,333.0
5402.0,327.0,391.0,334.0
5452.0,326.0,391.0,332.0
5502.0,329.0,390.0,335.0
5552.0,327.0,390.0,332.0
5602.0,326.0,389.0,335.0
5652.0,326.0,390.0,329.0
5702.0,329.0,389.0,330.0
5752.0,329.0,389.0,329.0
5803.0,329.0,390.0,330.0
5853.0,327.0,391.0,328.0
5903.0,327.0,390.0,329.0
5953.0,328.0,391.0,329.0
6003.0,329.0,391.0,329.0
6053.0,325.0,391.0,327.0
6103.0,328.0,390.0,327.0
6153.0,329.0,389.0,327.0
6203.0,328.0,389.0,325.0
6253.0,330.0,388.0,329.0
6303.0,327.0,392.0,325.0
6353.0,331.0,390.0,329.0
6403.0,329.0,392.0,327.0
6453.0,330.0,390.0,327.0
6503.0,332.0,390.0,328.0
6553.0,329.0,390.0,325.0
6603.0,332.0,389.0,327.0
6653.0,331.0,389.0,324.0
6703.0,331.0,389.0,326.0
6753.0,329.0,391.0,325.0
6803.0,333.0,390.0,326.0
6853.0,329.0,391.0,326.0
6903.0,333.0,390.0,327.0
6953.0,328.0,390.0,326.0
7003.0,333.0,390.0,327.0
7053.0,328.0,391.0,324.0
7103.0,325.0,361.0,341.0
7153.0,329.0,387.0,331.0
7203.0,327.0,389.0,326.0
7254.0,335.0,390.0,332.0
7304.0,328.0,392.0,329.0
7354.0,332.0,392.0,330.0
7404.0,333.0,390.0,330.0
7454.0,326.0,390.0,331.0
7504.0,331.0,390.0,330.0
7554.0,327.0,388.0,333.0
7604.0,329.0,392.0,327.0
7654.0,334.0,389.0,334.0
7704.0,329.0,388.0,333.0
7754.0,331.0,387.0,331.0
7804.0,333.0,385.0,333.0
7854.0,331.0,378.0,350.0
7904.0,334.0,388.0,350.0
7954.0,332.0,383.0,360.0
8004.0,341.0,379.0,365.0
8054.0,341.0,367.0,377.0
8104.0,330.0,364.0,414.0
8154.0,342.0,356.0,375.0
8204.0,333.0,351.0,387.0
8254.0,342.0,347.0,392.0
8304.0,333.0,336.0,389.0
8354.0,340.0,340.0,395.0
8404.0,330.0,327.0,394.0
8454.0,334.0,328.0,392.0
8504.0,323.0,326.0,406.0
8554.0,331.0,326.0,392.0
8604.0,334.0,327.0,390.0
8654.0,338.0,326.0,389.0
8704.0,330.0,328.0,393.0
8754.0,334.0,330.0,388.0
8804.0,325.0,329.0,396.0
8854.0,331.0,320.0,390.0
8904.0,327.0,316.0,388.0
8954.0,332.0,324.0,396.0
9004.0,329.0,321.0,391.0
9054.0,332.0,322.0,390.0
9104.0,332.0,321.0,390.0
9154.0,329.0,323.0,391.0
9204.0,332.0,321.0,390.0
9254.0,331.0,324.0,392.0
9304.0,330.0,319.0,391.0
9354.0,328.0,322.0,391.0
9404.0,330.0,320.0,391.0
9454.0,330.0,321.0,392.0
9504.0,329.0,320.0,392.0
9554.0,330.0,320.0,391.0
9604.0,329.0,320.0,392.0
9654.0,330.0,321.0,392.0
9704.0,330.0,321.0,391.0
9754.0,330.0,320.0,391.0
9804.0,330.0,321.0,391.0
9854.0,330.0,321.0,392.0
9904.0,331.0,320.0,392.0
9954.0,331.0,321.0,391.0
10004.0,331.0,321.0,391.0
10054.0,331.0,320.0,392.0
10104.0,331.0,320.0,391.0
10155.0,332.0,320.0,391.0
10205.0,331.0,320.0,391.0
10255.0,333.0,321.0,391.0
10305.0,333.0,321.0,390.0
10355.0,333.0,321.0,391.0
10405.0,333.0,320.0,390.0
10455.0,333.0,321.0,391.0
10505.0,334.0,321.0,391.0
10555.0,334.0,321.0,391.0
10605.0,334.0,321.0,391.0
10655.0,334.0,320.0,391.0
10705.0,333.0,321.0,391.0
10755.0,334.0,321.0,390.0
10805.0,335.0,320.0,390.0
10855.0,334.0,321.0,392.0
10905.0,334.0,320.0,391.0
10955.0,334.0,320.0,391.0
11005.0,334.0,321.0,390.0
11055.0,334.0,320.0,391.0
11105.0,334.0,320.0,391.0
11155.0,333.0,321.0,391.0
11205.0,335.0,320.0,390.0
11255.0,334.0,321.0,391.0
11305.0,334.0,320.0,391.0
11355.0,334.0,321.0,391.0
11405.0,334.0,321.0,391.0
11455.0,334.0,321.0,391.0
11505.0,334.0,321.0,391.0
11555.0,333.0,321.0,391.0
11606.0,334.0,320.0,391.0
11656.0,333.0,321.0,391.0
11706.0,334.0,321.0,391.0
11756.0,334.0,321.0,391.0
11806.0,334.0,320.0,391.0
11856.0,334.0,321.0,391.0
11906.0,334.0,321.0,391.0
11956.0,334.0,320.0,391.0
12006.0,334.0,321.0,391.0
12056.0,335.0,321.0,391.0
12106.0,335.0,320.0,391.0
12156.0,335.0,320.0,391.0
12206.0,335.0,320.0,391.0
12256.0,334.0,321.0,391.0
12306.0,335.0,320.0,391.0
12356.0,335.0,320.0,391.0
12406.0,335.0,320.0,391.0
12456.0,334.0,321.0,391.0
12506.0,334.0,321.0,391.0
12556.0,334.0,321.0,391.0
12606.0,334.0,321.0,391.0
12656.0,334.0,321.0,391.0
12706.0,335.0,321.0,391.0
12756.0,334.0,321.0,391.0
12806.0,334.0,321.0,390.0
12856.0,334.0,321.0,391.0
12906.0,334.0,321.0,392.0
12956.0,334.0,321.0,389.0
13006.0,334.0,321.0,390.0
13056.0,334.0,321.0,391.0
13106.0,334.0,321.0,392.0
13156.0,334.0,321.0,390.0
13206.0,334.0,321.0,391.0
13256.0,335.0,321.0,392.0
13306.0,334.0,321.0,390.0
13356.0,335.0,320.0,389.0
13406.0,335.0,321.0,391.0
13456.0,335.0,321.0,390.0
13506.0,334.0,321.0,391.0
13556.0,335.0,320.0,390.0
13606.0,334.0,321.0,391.0
13656.0,335.0,321.0,391.0
13706.0,334.0,320.0,391.0
13756.0,334.0,321.0,391.0
13806.0,334.0,321.0,391.0
13856.0,334.0,321.0,391.0
13906.0,334.0,321.0,391.0
13956.0,334.0,320.0,391.0
14006.0,334.0,321.0,391.0
14056.0,334.0,321.0,391.0
14106.0,335.0,321.0,391.0
14156.0,334.0,321.0,391.0
14206.0,334.0,320.0,391.0
14256.0,334.0,321.0,391.0
14306.0,334.0,320.0,390.0
14356.0,334.0,321.0,391.0
14406.0,334.0,320.0,391.0
14456.0,334.0,320.0,391.0
14507.0,334.0,321.0,391.0
14557.0,333.0,321.0,391.0
14607.0,334.0,320.0,390.0
14657.0,334.0,320.0,391.0
14707.0,334.0,320.0,391.0
14757.0,334.0,321.0,391.0
14807.0,334.0,320.0,391.0
14857.0,334.0,320.0,390.0
14907.0,333.0,320.0,391.0
14957.0,333.0,321.0,390.0
15007.0,333.0,320.0,392.0
15057.0,333.0,320.0,391.0
15107.0,333.0,321.0,391.0
15157.0,333.0,320.0,390.0
15207.0,333.0,321.0,391.0
15257.0,333.0,320.0,391.0
15307.0,333.0,320.0,391.0
15357.0,333.0,320.0,390.0
15407.0,333.0,321.0,390.0
15457.0,333.0,320.0,392.0
15507.0,333.0,320.0,390.0
15557.0,333.0,320.0,390.0
15607.0,333.0,320.0,391.0
15657.0,332.0,320.0,391.0
15707.0,333.0,320.0,390.0
15757.0,332.0,320.0,391.0
15807.0,332.0,320.0,391.0
15857.0,332.0,320.0,391.0
15907.0,332.0,320.0,391.0
15958.0,331.0,321.0,391.0
16008.0,332.0,321.0,391.0
16058.0,331.0,320.0,391.0
16108.0,331.0,320.0,392.0
16158.0,330.0,321.0,390.0
16208.0,330.0,321.0,391.0
16258.0,331.0,321.0,391.0
16308.0,330.0,321.0,391.0
16358.0,331.0,321.0,391.0
16408.0,331.0,321.0,391.0
16458.0,331.0,321.0,390.0
16508.0,331.0,321.0,391.0
16558.0,331.0,321.0,391.0
16608.0,331.0,321.0,391.0
16658.0,331.0,321.0,391.0
16708.0,331.0,321.0,391.0
16758.0,331.0,321.0,391.0
16808.0,331.0,321.0,390.0
16858.0,331.0,321.0,390.0
16908.0,331.0,321.0,391.0
16958.0,331.0,321.0,390.0
17008.0,331.0,320.0,391.0
17058.0,332.0,321.0,391.0
17108.0,331.0,321.0,391.0
17158.0,331.0,320.0,391.0
17208.0,332.0,321.0,391.0
17258.0,331.0,321.0,391.0
17308.0,332.0,321.0,391.0
17358.0,332.0,321.0,390.0
17408.0,332.0,321.0,391.0
17458.0,332.0,321.0,391.0
17508.0,331.0,321.0,390.0
17558.0,332.0,321.0,391.0
17608.0,332.0,321.0,391.0
17658.0,331.0,321.0,391.0
17708.0,332.0,321.0,391.0
17758.0,332.0,321.0,391.0
17808.0,332.0,321.0,391.0
17858.0,332.0,321.0,391.0
17908.0,332.0,321.0,390.0
17958.0,332.0,321.0,391.0
18008.0,332.0,321.0,391.0
18058.0,332.0,321.0,391.0
18108.0,332.0,321.0,391.0
18158.0,332.0,321.0,390.0
18208.0,332.0,321.0,391.0
18258.0,332.0,321.0,390.0
18308.0,331.0,321.0,390.0
18358.0,332.0,321.0,391.0
18408.0,331.0,321.0,391.0
18458.0,332.0,321.0,391.0
18508.0,332.0,321.0,390.0
18558.0,332.0,321.0,391.0
18608.0,332.0,321.0,391.0
18658.0,332.0,321.0,391.0
18708.0,332.0,321.0,391.0
18758.0,332.0,321.0,391.0
18808.0,331.0,321.0,391.0
18859.0,331.0,321.0,391.0
18909.0,332.0,321.0,391.0
18959.0,332.0,321.0,390.0
19009.0,331.0,321.0,391.0
19059.0,331.0,320.0,390.0
19109.0,331.0,321.0,390.0
19159.0,331.0,321.0,391.0
19209.0,331.0,321.0,391.0
19259.0,331.0,321.0,391.0
19309.0,331.0,321.0,391.0
19359.0,331.0,321.0,391.0
19409.0,333.0,321.0,391.0
19459.0,332.0,321.0,390.0
19509.0,332.0,322.0,389.0
19559.0,333.0,321.0,391.0
19609.0,333.0,321.0,391.0
19659.0,332.0,321.0,390.0
19709.0,333.0,321.0,391.0
19759.0,333.0,321.0,390.0
19809.0,332.0,321.0,390.0
19859.0,332.0,321.0,391.0
19909.0,333.0,321.0,391.0
19959.0,333.0,321.0,390.0
20009.0,333.0,321.0,391.0
20059.0,332.0,321.0,391.0
20109.0,333.0,321.0,391.0
20159.0,332.0,321.0,391.0
20209.0,332.0,321.0,391.0
20259.0,332.0,321.0,391.0
20310.0,332.0,321.0,391.0
20360.0,333.0,321.0,390.0
20410.0,332.0,321.0,391.0
20460.0,332.0,321.0,390.0
20510.0,332.0,321.0,391.0
20560.0,332.0,321.0,391.0
20610.0,332.0,321.0,391.0
20660.0,332.0,321.0,390.0
20710.0,332.0,321.0,391.0
20760.0,332.0,321.0,391.0
20810.0,332.0,321.0,390.0
20860.0,332.0,321.0,391.0
20910.0,332.0,321.0,391.0
20960.0,332.0,321.0,391.0
21010.0,332.0,321.0,391.0
21060.0,332.0,321.0,391.0
21110.0,332.0,321.0,390.0
21160.0,332.0,321.0,391.0
21210.0,332.0,321.0,391.0
21260.0,332.0,321.0,391.0
21310.0,332.0,321.0,391.0
21360.0,332.0,321.0,391.0
21410.0,332.0,321.0,390.0
21460.0,332.0,321.0,391.0
21510.0,332.0,321.0,391.0
21560.0,332.0,321.0,390.0
21610.0,332.0,321.0,390.0
21660.0,332.0,321.0,391.0
21710.0,331.0,321.0,391.0
21760.0,332.0,321.0,391.0
21810.0,332.0,321.0,391.0
21860.0,332.0,321.0,391.0
21910.0,332.0,321.0,391.0
21960.0,332.0,321.0,391.0
22010.0,332.0,321.0,391.0
22060.0,331.0,321.0,390.0
22110.0,332.0,321.0,391.0
22160.0,332.0,321.0,391.0
22210.0,332.0,321.0,390.0
22260.0,332.0,321.0,391.0
22310.0,332.0,321.0,390.0
22360.0,332.0,321.0,391.0
22410.0,332.0,321.0,391.0
22460.0,332.0,321.0,390.0
22510.0,332.0,321.0,391.0
22560.0,332.0,321.0,391.0
22610.0,331.0,321.0,391.0
22660.0,332.0,321.0,390.0
22710.0,332.0,321.0,391.0
22760.0,332.0,321.0,391.0
22810.0,332.0,321.0,390.0
22860.0,332.0,321.0,391.0
22910.0,331.0,321.0,391.0
22960.0,332.0,321.0,391.0
23010.0,331.0,321.0,391.0
23060.0,331.0,321.0,390.0
23110.0,332.0,321.0,391.0
23160.0,331.0,321.0,391.0
23211.0,331.0,321.0,390.0
23261.0,332.0,321.0,391.0
23311.0,331.0,321.0,391.0
23361.0,332.0,321.0,391.0
23411.0,332.0,321.0,391.0
23461.0,332.0,321.0,391.0
23511.0,332.0,321.0,390.0
23561.0,331.0,321.0,390.0
23611.0,331.0,321.0,391.0
23661.0,331.0,321.0,391.0
23711.0,331.0,321.0,391.0
23761.0,331.0,321.0,389.0
23811.0,331.0,321.0,391.0
23861.0,331.0,321.0,391.0
23911.0,331.0,321.0,390.0
23961.0,331.0,321.0,391.0
24011.0,331.0,321.0,391.0
24061.0,331.0,321.0,391.0
24111.0,331.0,321.0,390.0
24161.0,331.0,321.0,391.0
24211.0,331.0,321.0,391.0
24261.0,331.0,321.0,391.0
24311.0,331.0,321.0,391.0
24361.0,331.0,321.0,391.0
24411.0,331.0,320.0,390.0
24461.0,331.0,321.0,391.0
24511.0,331.0,321.0,390.0
24561.0,331.0,321.0,391.0
24611.0,331.0,321.0,390.0
24662.0,331.0,319.0,391.0
24712.0,330.0,321.0,391.0
24762.0,329.0,320.0,391.0
24812.0,330.0,321.0,391.0
24862.0,330.0,321.0,390.0
24912.0,330.0,321.0,391.0
24962.0,330.0,321.0,391.0
25012.0,330.0,321.0,391.0
25062.0,330.0,321.0,391.0
25112.0,330.0,320.0,391.0
25162.0,330.0,321.0,391.0
25212.0,330.0,320.0,391.0
25262.0,330.0,321.0,391.0
25312.0,330.0,320.0,391.0
25362.0,331.0,320.0,391.0
25412.0,331.0,321.0,391.0
25462.0,331.0,320.0,390.0
25512.0,330.0,321.0,391.0
25562.0,330.0,321.0,391.0
25612.0,331.0,320.0,391.0
25662.0,330.0,321.0,391.0
25712.0,330.0,321.0,391.0
25762.0,330.0,320.0,391.0
25812.0,330.0,321.0,390.0
25862.0,330.0,321.0,391.0
25912.0,330.0,321.0,390.0
25962.0,330.0,321.0,391.0
26012.0,330.0,321.0,391.0
26062.0,330.0,320.0,392.0
26112.0,329.0,320.0,391.0
26162.0,333.0,320.0,389.0
26212.0,331.0,322.0,392.0
26262.0,333.0,320.0,392.0
26312.0,332.0,320.0,389.0
26362.0,332.0,320.0,392.0
26412.0,338.0,324.0,392.0
26462.0,331.0,319.0,392.0
26512.0,331.0,320.0,389.0
26562.0,333.0,319.0,391.0
26612.0,334.0,320.0,392.0
26662.0,332.0,320.0,388.0
26712.0,331.0,319.0,391.0
26762.0,332.0,319.0,390.0
26812.0,333.0,320.0,390.0
26862.0,332.0,320.0,391.0
26912.0,331.0,320.0,392.0
26962.0,331.0,318.0,396.0
27012.0,326.0,325.0,401.0
27062.0,348.0,345.0,406.0
27112.0,324.0,357.0,397.0
27162.0,333.0,373.0,366.0
27212.0,321.0,363.0,357.0
27262.0,335.0,366.0,337.0
27312.0,323.0,385.0,326.0
27362.0,330.0,386.0,326.0
27412.0,325.0,399.0,321.0
27462.0,327.0,390.0,335.0
27512.0,330.0,388.0,330.0
27563.0,332.0,384.0,334.0
27613.0,334.0,391.0,326.0
27663.0,327.0,388.0,337.0
27713.0,333.0,389.0,333.0
27763.0,331.0,391.0,334.0
27813.0,332.0,388.0,339.0
27863.0,326.0,389.0,334.0
27913.0,331.0,386.0,339.0
27963.0,329.0,392.0,332.0
28013.0,329.0,388.0,339.0
28063.0,335.0,390.0,335.0
28113.0,325.0,391.0,337.0
28163.0,330.0,388.0,335.0
28213.0,327.0,389.0,334.0
28263.0,331.0,386.0,335.0
28313.0,330.0,389.0,331.0
28363.0,331.0,389.0,334.0
28413.0,330.0,390.0,332.0
28463.0,329.0,390.0,334.0
28513.0,331.0,388.0,333.0
28563.0,329.0,388.0,334.0
28613.0,332.0,388.0,335.0
28663.0,330.0,391.0,331.0
28713.0,330.0,390.0,334.0
28763.0,329.0,389.0,335.0
28813.0,331.0,389.0,334.0
28863.0,332.0,388.0,335.0
28913.0,330.0,389.0,334.0
28963.0,332.0,388.0,333.0
29014.0,331.0,389.0,333.0
29064.0,330.0,389.0,334.0
29114.0,333.0,389.0,334.0
29164.0,331.0,390.0,334.0
29214.0,333.0,389.0,334.0
29264.0,330.0,389.0,334.0
29314.0,333.0,388.0,334.0
29364.0,333.0,390.0,333.0
29414.0,333.0,389.0,334.0
29464.0,332.0,389.0,334.0
29514.0,332.0,389.0,334.0
29564.0,333.0,388.0,335.0
29614.0,333.0,390.0,332.0
29664.0,332.0,389.0,336.0
29714.0,332.0,389.0,335.0
29764.0,332.0,389.0,335.0
29814.0,336.0,387.0,337.0
29864.0,327.0,391.0,334.0
29914.0,332.0,389.0,336.0
29964.0,333.0,389.0,336.0
30014.0,332.0,389.0,335.0
30064.0,332.0,389.0,336.0
30114.0,330.0,390.0,336.0
30164.0,327.0,390.0,335.0
30214.0,335.0,387.0,341.0
30264.0,330.0,391.0,334.0
30314.0,333.0,390.0,338.0
30364.0,335.0,389.0,339.0
30414.0,331.0,390.0,335.0
30464.0,332.0,388.0,338.0
30514.0,331.0,389.0,336.0
30564.0,334.0,387.0,340.0
30614.0,330.0,391.0,335.0
30664.0,333.0,388.0,337.0
30714.0,330.0,389.0,336.0
30764.0,333.0,388.0,336.0
30814.0,330.0,388.0,337.0
30864.0,333.0,389.0,336.0
30914.0,331.0,390.0,335.0
30964.0,333.0,389.0,337.0
31014.0,332.0,389.0,336.0
31064.0,332.0,390.0,335.0
31114.0,334.0,388.0,337.0
31164.0,332.0,390.0,334.0
31214.0,333.0,390.0,336.0
31264.0,334.0,389.0,336.0
31314.0,333.0,389.0,336.0
31364.0,336.0,388.0,337.0
31414.0,332.0,388.0,337.0
31464.0,333.0,390.0,337.0
31514.0,332.0,390.0,336.0
31564.0,335.0,391.0,334.0
31614.0,332.0,388.0,337.0
31664.0,334.0,388.0,335.0
31714.0,333.0,388.0,337.0
31764.0,334.0,389.0,335.0
31814.0,333.0,389.0,336.0
31864.0,333.0,388.0,338.0
31915.0,332.0,390.0,335.0
31965.0,334.0,388.0,337.0
32015.0,332.0,389.0,337.0
32065.0,333.0,390.0,336.0
32115.0,332.0,389.0,338.0
32165.0,333.0,389.0,337.0
32215.0,332.0,389.0,337.0
32265.0,332.0,388.0,338.0
32315.0,332.0,388.0,338.0
32365.0,334.0,389.0,338.0
32415.0,333.0,389.0,338.0
32465.0,334.0,388.0,339.0
32515.0,333.0,389.0,338.0
32565.0,332.0,389.0,338.0
32615.0,332.0,389.0,339.0
32665.0,332.0,389.0,337.0
32715.0,335.0,387.0,339.0
32765.0,330.0,387.0,340.0
32815.0,334.0,389.0,337.0
32865.0,332.0,389.0,339.0
32915.0,335.0,390.0,337.0
32965.0,333.0,388.0,338.0
33015.0,332.0,389.0,336.0
33065.0,333.0,387.0,338.0
33115.0,332.0,387.0,339.0
33165.0,332.0,390.0,337.0
33215.0,333.0,389.0,338.0
33265.0,331.0,388.0,339.0
33315.0,331.0,388.0,336.0
33366.0,333.0,389.0,338.0
33416.0,330.0,389.0,337.0
33466.0,331.0,389.0,339.0
33516.0,329.0,388.0,340.0
33566.0,330.0,389.0,337.0
33616.0,330.0,389.0,339.0
33666.0,331.0,388.0,339.0
33716.0,329.0,389.0,338.0
33766.0,330.0,388.0,339.0
33816.0,329.0,389.0,338.0
33866.0,330.0,389.0,338.0
33916.0,330.0,389.0,338.0
33966.0,330.0,389.0,336.0
34016.0,330.0,388.0,340.0
34066.0,328.0,389.0,336.0
34116.0,330.0,388.0,338.0
34166.0,329.0,389.0,338.0
34216.0,331.0,389.0,338.0
34266.0,328.0,390.0,338.0
34316.0,330.0,389.0,339.0
34366.0,329.0,389.0,338.0
34416.0,331.0,388.0,339.0
34466.0,328.0,388.0,340.0
34516.0,328.0,389.0,337.0
34566.0,330.0,387.0,340.0
34616.0,334.0,388.0,340.0
34666.0,331.0,390.0,338.0
34716.0,328.0,389.0,341.0
34766.0,329.0,387.0,339.0
34816.0,332.0,388.0,340.0
34866.0,333.0,389.0,339.0
34916.0,331.0,390.0,339.0
34966.0,327.0,389.0,341.0
35016.0,332.0,389.0,338.0
35066.0,329.0,388.0,339.0
35116.0,334.0,387.0,339.0
35166.0,328.0,389.0,337.0
35216.0,330.0,387.0,340.0
35266.0,328.0,390.0,337.0
35316.0,333.0,388.0,339.0
35366.0,329.0,389.0,339.0
35416.0,330.0,389.0,338.0
35466.0,331.0,388.0,338.0
35516.0,327.0,388.0,338.0
35566.0,334.0,387.0,340.0
35616.0,328.0,390.0,338.0
35666.0,330.0,390.0,338.0
35716.0,329.0,388.0,339.0
35766.0,328.0,389.0,338.0
35816.0,330.0,388.0,338.0
35866.0,330.0,388.0,339.0
35916.0,329.0,389.0,337.0
35966.0,332.0,388.0,340.0
36016.0,328.0,390.0,336.0
36066.0,331.0,389.0,337.0
36116.0,329.0,389.0,338.0
36166.0,330.0,389.0,336.0
36216.0,331.0,388.0,337.0
36267.0,330.0,389.0,336.0
36317.0,330.0,389.0,337.0
36367.0,330.0,389.0,337.0
36417.0,331.0,388.0,338.0
36467.0,330.0,390.0,336.0
36517.0,331.0,389.0,337.0
36567.0,330.0,389.0,337.0
36617.0,331.0,388.0,337.0
36667.0,330.0,389.0,336.0
36717.0,329.0,388.0,338.0
36767.0,330.0,390.0,337.0
36817.0,330.0,389.0,338.0
36867.0,330.0,389.0,338.0
36917.0,329.0,388.0,338.0
36967.0,331.0,388.0,339.0
37017.0,330.0,390.0,337.0
37067.0,330.0,389.0,338.0
37117.0,331.0,389.0,338.0
37167.0,330.0,389.0,338.0
37217.0,331.0,388.0,337.0
37267.0,330.0,389.0,337.0
37317.0,331.0,388.0,337.0
37367.0,329.0,389.0,337.0
37417.0,331.0,389.0,337.0
37467.0,331.0,389.0,336.0
37517.0,331.0,388.0,338.0
37567.0,331.0,389.0,336.0
37617.0,330.0,389.0,340.0
37667.0,328.0,390.0,334.0
37718.0,330.0,387.0,337.0
37768.0,332.0,388.0,336.0
37818.0,333.0,389.0,335.0
37868.0,330.0,389.0,336.0
37918.0,331.0,389.0,335.0
37968.0,328.0,389.0,337.0
38018.0,331.0,389.0,336.0
38068.0,332.0,388.0,336.0
38118.0,332.0,389.0,336.0
38168.0,331.0,389.0,335.0
38218.0,330.0,390.0,335.0
38268.0,328.0,389.0,336.0
38318.0,332.0,389.0,335.0
38368.0,331.0,389.0,334.0
38418.0,332.0,389.0,335.0
38468.0,330.0,389.0,335.0
38518.0,331.0,389.0,334.0
38568.0,330.0,390.0,334.0
38618.0,332.0,390.0,335.0
38668.0,329.0,390.0,334.0
38718.0,329.0,389.0,335.0
38768.0,331.0,389.0,334.0
38818.0,329.0,389.0,334.0
38868.0,332.0,388.0,335.0
38918.0,329.0,390.0,334.0
38968.0,331.0,390.0,334.0
39018.0,330.0,389.0,335.0
39068.0,331.0,389.0,334.0
39118.0,330.0,389.0,335.0
39168.0,329.0,389.0,335.0
39218.0,330.0,389.0,335.0
39268.0,329.0,390.0,335.0
39318.0,332.0,389.0,336.0
39368.0,329.0,390.0,335.0
39418.0,330.0,389.0,335.0
39468.0,330.0,388.0,336.0
39518.0,330.0,389.0,335.0
39568.0,328.0,389.0,336.0
39618.0,329.0,389.0,337.0
39668.0,330.0,389.0,336.0
39718.0,330.0,389.0,337.0
39768.0,327.0,389.0,335.0
39818.0,329.0,389.0,338.0
39868.0,329.0,390.0,336.0
39918.0,329.0,389.0,336.0
39968.0,328.0,389.0,337.0
40018.0,330.0,389.0,336.0
40068.0,328.0,389.0,336.0
40118.0,327.0,388.0,337.0
40168.0,330.0,390.0,335.0
40218.0,328.0,389.0,336.0
40268.0,329.0,389.0,335.0
40318.0,330.0,389.0,336.0
40368.0,330.0,388.0,335.0
40418.0,332.0,389.0,335.0
40468.0,332.0,390.0,335.0
40518.0,331.0,390.0,334.0
40568.0,332.0,388.0,335.0
40619.0,331.0,390.0,333.0
40669.0,333.0,389.0,334.0
40719.0,331.0,389.0,333.0
40769.0,332.0,389.0,334.0
40819.0,332.0,390.0,333.0
40869.0,332.0,390.0,333.0
40919.0,332.0,390.0,333.0
40969.0,332.0,389.0,333.0
41019.0,333.0,389.0,333.0
41069.0,332.0,389.0,334.0
41119.0,331.0,390.0,334.0
41169.0,332.0,390.0,335.0
41219.0,332.0,390.0,333.0
41269.0,333.0,389.0,335.0
41319.0,332.0,389.0,333.0
41369.0,332.0,389.0,334.0
41419.0,332.0,390.0,333.0
41469.0,333.0,389.0,333.0
41519.0,331.0,389.0,335.0
41569.0,333.0,389.0,334.0
41619.0,333.0,389.0,333.0
41669.0,332.0,388.0,335.0
41719.0,333.0,390.0,335.0
41769.0,334.0,391.0,333.0
41819.0,333.0,388.0,336.0
41869.0,332.0,388.0,334.0
41919.0,332.0,389.0,334.0
41969.0,333.0,388.0,335.0
42019.0,332.0,390.0,334.0
42070.0,334.0,388.0,335.0
42120.0,331.0,390.0,335.0
42170.0,333.0,388.0,335.0
42220.0,333.0,389.0,335.0
42270.0,334.0,389.0,334.0
42320.0,332.0,389.0,335.0
42370.0,333.0,390.0,336.0
42420.0,333.0,389.0,335.0
42470.0,333.0,389.0,336.0
42520.0,332.0,388.0,334.0
42570.0,334.0,387.0,337.0
42620.0,331.0,389.0,336.0
42670.0,333.0,390.0,336.0
42720.0,330.0,390.0,335.0
42770.0,335.0,388.0,338.0
42820.0,331.0,388.0,337.0
42870.0,331.0,387.0,338.0
42920.0,331.0,389.0,339.0
42970.0,332.0,389.0,339.0
43020.0,334.0,387.0,340.0
43070.0,334.0,390.0,337.0
43120.0,332.0,389.0,342.0
43170.0,332.0,389.0,339.0
43220.0,333.0,389.0,339.0
43270.0,334.0,389.0,339.0
43320.0,331.0,390.0,336.0
43370.0,335.0,389.0,335.0
43420.0,330.0,389.0,333.0
43470.0,336.0,389.0,328.0
43520.0,337.0,385.0,331.0
43570.0,332.0,388.0,332.0
43620.0,333.0,390.0,333.0
43670.0,330.0,392.0,331.0
43720.0,335.0,389.0,332.0
43770.0,336.0,389.0,332.0
43820.0,335.0,387.0,331.0
43870.0,335.0,387.0,334.0
43920.0,330.0,391.0,331.0
43970.0,334.0,389.0,334.0
44020.0,334.0,390.0,333.0
44070.0,335.0,389.0,334.0
44120.0,335.0,388.0,333.0
44170.0,335.0,387.0,333.0
44220.0,333.0,389.0,334.0
44270.0,332.0,390.0,333.0
44320.0,335.0,390.0,335.0
44370.0,336.0,390.0,333.0
44420.0,332.0,389.0,334.0
44470.0,334.0,388.0,334.0
44520.0,332.0,389.0,334.0
44570.0,335.0,388.0,334.0
44620.0,334.0,389.0,333.0
44670.0,335.0,389.0,334.0
44720.0,334.0,389.0,335.0
44770.0,333.0,389.0,334.0
44820.0,333.0,388.0,337.0
44870.0,335.0,390.0,335.0
44920.0,336.0,389.0,335.0
44971.0,335.0,388.0,336.0
45021.0,332.0,388.0,335.0
45071.0,334.0,386.0,338.0
45121.0,334.0,389.0,337.0
45171.0,336.0,391.0,337.0
45221.0,337.0,391.0,337.0
45271.0,334.0,389.0,338.0
45321.0,332.0,387.0,338.0
45371.0,333.0,388.0,333.0
45421.0,335.0,388.0,336.0
45471.0,334.0,388.0,333.0
45521.0,334.0,388.0,334.0
45571.0,332.0,390.0,334.0
45621.0,333.0,390.0,335.0
45671.0,335.0,390.0,333.0
45721.0,335.0,389.0,334.0
45771.0,334.0,388.0,332.0
45821.0,335.0,388.0,335.0
45871.0,334.0,389.0,332.0
45921.0,332.0,390.0,333.0
45971.0,333.0,389.0,334.0
46021.0,334.0,389.0,333.0
46071.0,333.0,389.0,333.0
46121.0,335.0,387.0,333.0
46171.0,334.0,388.0,333.0
46221.0,334.0,390.0,333.0
46271.0,335.0,390.0,334.0
46321.0,334.0,389.0,334.0
46371.0,334.0,388.0,335.0
46422.0,334.0,389.0,333.0
46472.0,334.0,388.0,334.0
46522.0,334.0,389.0,333.0
46572.0,335.0,389.0,334.0
46622.0,333.0,389.0,334.0
46672.0,334.0,389.0,334.0
46722.0,332.0,388.0,335.0
46772.0,335.0,388.0,335.0
46822.0,334.0,390.0,333.0
46872.0,334.0,389.0,335.0
46922.0,334.0,389.0,334.0
46972.0,335.0,389.0,334.0
47022.0,333.0,389.0,334.0
47072.0,334.0,389.0,334.0
47122.0,335.0,389.0,334.0
47172.0,334.0,389.0,334.0
47222.0,332.0,389.0,334.0
47272.0,334.0,388.0,333.0
47322.0,334.0,390.0,334.0
47372.0,334.0,390.0,333.0
47422.0,334.0,389.0,334.0
47472.0,333.0,389.0,334.0
47522.0,335.0,389.0,332.0
47572.0,333.0,389.0,332.0
47622.0,334.0,388.0,333.0
47672.0,334.0,389.0,332.0
47722.0,333.0,389.0,332.0
47772.0,333.0,389.0,333.0
47822.0,335.0,389.0,332.0
47872.0,334.0,389.0,333.0
47922.0,333.0,389.0,332.0
47972.0,334.0,389.0,333.0
48022.0,334.0,389.0,333.0
48072.0,333.0,389.0,333.0
48122.0,334.0,389.0,333.0
48172.0,335.0,388.0,333.0
48222.0,334.0,389.0,334.0
48272.0,335.0,389.0,333.0
48322.0,333.0,389.0,335.0
48372.0,334.0,390.0,334.0
48422.0,334.0,389.0,334.0
48472.0,334.0,388.0,335.0
48522.0,334.0,388.0,335.0
48572.0,333.0,389.0,335.0
48622.0,334.0,389.0,335.0
48672.0,334.0,389.0,335.0
48722.0,336.0,389.0,334.0
48772.0,335.0,388.0,336.0
48822.0,334.0,388.0,335.0
48872.0,335.0,388.0,335.0
48922.0,333.0,389.0,335.0
48972.0,334.0,389.0,335.0
49022.0,334.0,389.0,335.0
49072.0,335.0,388.0,335.0
49122.0,334.0,389.0,335.0
49172.0,335.0,388.0,337.0
49222.0,334.0,389.0,336.0
49272.0,335.0,389.0,335.0
49323.0,335.0,388.0,335.0
49373.0,336.0,388.0,336.0
49423.0,335.0,388.0,336.0
49473.0,334.0,390.0,336.0
49523.0,334.0,389.0,336.0
49573.0,335.0,388.0,337.0
49623.0,333.0,389.0,334.0
49673.0,336.0,388.0,336.0
49723.0,334.0,387.0,335.0
49773.0,335.0,389.0,336.0
49823.0,334.0,388.0,336.0
49873.0,334.0,389.0,335.0
49923.0,335.0,388.0,336.0
49973.0,334.0,389.0,335.0
50023.0,335.0,389.0,335.0
50073.0,333.0,389.0,335.0
50123.0,334.0,388.0,335.0
50173.0,334.0,388.0,335.0
50223.0,335.0,389.0,334.0
50273.0,333.0,389.0,335.0
50323.0,334.0,388.0,336.0
50373.0,335.0,389.0,334.0
50423.0,334.0,388.0,337.0
50473.0,333.0,389.0,335.0
50523.0,333.0,389.0,335.0
50573.0,334.0,388.0,335.0
50623.0,333.0,389.0,335.0
50673.0,335.0,388.0,336.0
50723.0,332.0,389.0,334.0
50774.0,334.0,388.0,336.0
50824.0,334.0,388.0,335.0
50874.0,333.0,389.0,335.0
50924.0,335.0,389.0,335.0
50974.0,333.0,389.0,336.0
51024.0,334.0,389.0,335.0
51074.0,334.0,388.0,335.0
51124.0,333.0,388.0,336.0
51174.0,333.0,390.0,335.0
51224.0,334.0,389.0,335.0
51274.0,334.0,388.0,336.0
51324.0,334.0,388.0,335.0
51374.0,333.0,388.0,336.0
51424.0,334.0,388.0,336.0
51474.0,335.0,388.0,337.0
51524.0,335.0,387.0,338.0
51574.0,333.0,389.0,336.0
51624.0,335.0,389.0,336.0
51674.0,331.0,389.0,339.0
51724.0,333.0,389.0,337.0
51774.0,334.0,388.0,336.0
51824.0,333.0,388.0,336.0
51874.0,332.0,389.0,336.0
51924.0,333.0,388.0,337.0
51974.0,333.0,389.0,335.0
52024.0,334.0,388.0,335.0
52074.0,332.0,388.0,336.0
52124.0,333.0,389.0,334.0
52174.0,333.0,389.0,336.0
52224.0,333.0,389.0,335.0
52274.0,334.0,389.0,335.0
52324.0,332.0,388.0,336.0
52374.0,333.0,389.0,335.0
52424.0,333.0,389.0,336.0
52474.0,333.0,388.0,336.0
52524.0,334.0,389.0,335.0
52574.0,334.0,388.0,336.0
52624.0,333.0,389.0,335.0
52674.0,333.0,388.0,338.0
52724.0,334.0,389.0,335.0
52774.0,333.0,389.0,336.0
52824.0,334.0,388.0,336.0
52874.0,332.0,389.0,336.0
52924.0,334.0,388.0,336.0
52974.0,334.0,388.0,338.0
53024.0,334.0,389.0,336.0
53074.0,333.0,389.0,338.0
53124.0,333.0,388.0,337.0
53174.0,335.0,388.0,337.0
53224.0,334.0,388.0,336.0
53274.0,333.0,389.0,338.0
53324.0,333.0,389.0,337.0
53374.0,334.0,389.0,337.0
53424.0,334.0,388.0,337.0
53474.0,333.0,388.0,337.0
53524.0,333.0,388.0,337.0
53574.0,333.0,389.0,337.0
53624.0,334.0,389.0,337.0
53675.0,333.0,389.0,337.0
53725.0,335.0,388.0,337.0
53775.0,333.0,389.0,337.0
53825.0,333.0,389.0,336.0
53875.0,333.0,388.0,337.0
53925.0,333.0,388.0,336.0
53975.0,334.0,388.0,337.0
54025.0,333.0,389.0,336.0
54075.0,333.0,389.0,336.0
54125.0,334.0,388.0,337.0
54175.0,333.0,388.0,336.0
54225.0,334.0,388.0,336.0
54275.0,333.0,389.0,336.0
54325.0,333.0,389.0,336.0
54375.0,334.0,388.0,336.0
54425.0,334.0,388.0,336.0
54475.0,334.0,389.0,337.0
54525.0,333.0,389.0,336.0
54575.0,333.0,389.0,336.0
54625.0,334.0,388.0,337.0
54675.0,333.0,388.0,336.0
54725.0,333.0,388.0,336.0
54775.0,334.0,388.0,337.0
54825.0,333.0,389.0,335.0
54875.0,334.0,389.0,337.0
54925.0,332.0,392.0,333.0
54975.0,334.0,388.0,336.0
55025.0,333.0,388.0,332.0
55075.0,334.0,386.0,335.0
55126.0,334.0,388.0,333.0
55176.0,332.0,389.0,334.0
55226.0,334.0,389.0,336.0
55276.0,333.0,391.0,334.0
55326.0,334.0,389.0,336.0
55376.0,332.0,389.0,334.0
55426.0,334.0,388.0,335.0
55476.0,333.0,388.0,334.0
55526.0,334.0,389.0,334.0
55576.0,333.0,390.0,334.0
55626.0,333.0,389.0,335.0
55676.0,333.0,390.0,334.0
55726.0,333.0,389.0,334.0
55776.0,333.0,389.0,334.0
55826.0,335.0,388.0,335.0
55876.0,330.0,388.0,335.0
55926.0,330.0,389.0,334.0
55976.0,332.0,388.0,337.0
56026.0,333.0,389.0,335.0
56076.0,334.0,389.0,336.0
56126.0,335.0,389.0,336.0
56176.0,331.0,389.0,337.0
56226.0,334.0,388.0,337.0
56276.0,332.0,388.0,335.0
56326.0,331.0,389.0,334.0
56376.0,332.0,386.0,339.0
56426.0,336.0,390.0,335.0
56476.0,332.0,389.0,336.0
56526.0,336.0,389.0,336.0
56576.0,334.0,389.0,335.0
56626.0,335.0,389.0,336.0
56676.0,333.0,389.0,336.0
56726.0,334.0,388.0,334.0
56776.0,333.0,387.0,334.0
56826.0,335.0,388.0,333.0
56876.0,333.0,389.0,333.0
56926.0,336.0,388.0,335.0
56976.0,332.0,391.0,333.0
57026.0,337.0,388.0,333.0
57076.0,334.0,389.0,334.0
57126.0,333.0,389.0,334.0
57176.0,333.0,389.0,333.0
57226.0,332.0,389.0,334.0
57276.0,335.0,388.0,335.0
57326.0,334.0,390.0,332.0
57376.0,336.0,388.0,334.0
57426.0,333.0,390.0,333.0
57476.0,334.0,389.0,333.0
57526.0,334.0,388.0,334.0
57576.0,333.0,390.0,332.0
57626.0,336.0,389.0,335.0
57676.0,333.0,390.0,332.0
57726.0,333.0,388.0,335.0
57776.0,334.0,387.0,334.0
57826.0,336.0,388.0,333.0
57876.0,334.0,388.0,336.0
57926.0,335.0,388.0,336.0
57976.0,335.0,387.0,339.0
58027.0,334.0,389.0,343.0
58077.0,332.0,390.0,340.0
58127.0,332.0,386.0,341.0
58177.0,336.0,382.0,340.0
58227.0,337.0,383.0,346.0
58277.0,339.0,385.0,351.0
58327.0,340.0,389.0,351.0
58377.0,330.0,386.0,353.0
58427.0,335.0,381.0,351.0
58477.0,344.0,376.0,346.0
58527.0,338.0,376.0,354.0
58577.0,335.0,371.0,361.0
58627.0,374.0,349.0,413.0
58677.0,314.0,417.0,361.0
58727.0,343.0,364.0,352.0
58777.0,352.0,353.0,364.0
58827.0,341.0,376.0,373.0
58877.0,305.0,355.0,401.0
58927.0,327.0,414.0,340.0
58977.0,337.0,337.0,379.0
59027.0,338.0,377.0,362.0
59077.0,332.0,375.0,377.0
59127.0,334.0,368.0,371.0
59177.0,334.0,365.0,366.0
59227.0,335.0,367.0,375.0
59277.0,336.0,371.0,375.0
59327.0,332.0,369.0,370.0
59377.0,333.0,365.0,370.0
59427.0,335.0,368.0,372.0
59478.0,334.0,370.0,373.0
59528.0,334.0,366.0,372.0
59578.0,334.0,366.0,371.0
59628.0,334.0,368.0,373.0
59678.0,334.0,369.0,373.0
59728.0,334.0,367.0,372.0
59778.0,334.0,366.0,372.0
59828.0,333.0,367.0,374.0
59878.0,333.0,368.0,373.0
59928.0,334.0,366.0,373.0
59978.0,334.0,366.0,373.0
60028.0,334.0,366.0,373.0
60078.0,333.0,367.0,373.0
60128.0,334.0,366.0,373.0
60178.0,333.0,366.0,373.0
60228.0,334.0,367.0,373.0
60278.0,334.0,366.0,374.0
60328.0,334.0,366.0,373.0
60378.0,334.0,366.0,374.0
60428.0,334.0,366.0,374.0
60478.0,334.0,366.0,373.0
60528.0,334.0,366.0,374.0
60578.0,334.0,365.0,374.0
60628.0,333.0,366.0,374.0
60678.0,334.0,366.0,374.0
60728.0,333.0,366.0,374.0
60778.0,333.0,365.0,374.0
60828.0,334.0,365.0,374.0
60878.0,333.0,366.0,374.0
60928.0,333.0,365.0,374.0
60978.0,333.0,365.0,375.0
61028.0,333.0,365.0,374.0
61078.0,333.0,364.0,375.0
61128.0,333.0,366.0,374.0
61178.0,333.0,366.0,375.0
61228.0,334.0,365.0,375.0
61278.0,333.0,365.0,374.0
61328.0,334.0,366.0,375.0
61378.0,334.0,366.0,375.0
61428.0,334.0,365.0,375.0
61478.0,333.0,365.0,374.0
61528.0,334.0,365.0,375.0
61578.0,334.0,365.0,375.0
61628.0,333.0,365.0,375.0
61678.0,333.0,365.0,375.0
61728.0,333.0,365.0,375.0
61778.0,333.0,365.0,375.0
61828.0,333.0,364.0,375.0
61878.0,333.0,365.0,375.0
61928.0,333.0,365.0,375.0
61978.0,333.0,365.0,375.0
62028.0,333.0,364.0,375.0
62078.0,333.0,365.0,375.0
62128.0,333.0,365.0,376.0
62178.0,333.0,364.0,375.0
62228.0,333.0,364.0,376.0
62278.0,333.0,365.0,375.0
62328.0,333.0,365.0,375.0
Time,xOut,yOut,zOut
Time,xOut,yOut,zOut
50.0,333.0,358.0,383.0
550.0,333.0,358.0,383.0
1050.0,333.0,358.0,383.0
1551.0,333.0,358.0,383.0
2051.0,333.0,358.0,383.0
2551.0,333.0,358.0,382.0
3052.0,333.0,358.0,383.0
3552.0,332.0,357.0,382.0
4052.0,332.0,357.0,383.0
4552.0,332.0,358.0,383.0
5052.0,368.0,361.0,375.0
5102.0,370.0,330.0,359.0
5152.0,368.0,366.0,375.0
5202.0,342.0,341.0,384.0
5252.0,330.0,356.0,394.0
5302.0,326.0,338.0,387.0
5352.0,318.0,349.0,394.0
5402.0,327.0,342.0,385.0
5452.0,317.0,345.0,378.0
5502.0,315.0,348.0,386.0
5552.0,316.0,353.0,388.0
5602.0,316.0,343.0,386.0
5652.0,318.0,354.0,386.0
5702.0,321.0,349.0,388.0
5752.0,343.0,344.0,383.0
5803.0,338.0,355.0,390.0
5853.0,357.0,347.0,380.0
5903.0,355.0,347.0,384.0
5953.0,376.0,343.0,368.0
6003.0,361.0,349.0,385.0
6053.0,390.0,341.0,354.0
6103.0,359.0,331.0,386.0
6153.0,403.0,350.0,344.0
6203.0,368.0,324.0,380.0
6253.0,396.0,345.0,343.0
6303.0,375.0,332.0,374.0
6353.0,391.0,340.0,344.0
6403.0,387.0,332.0,351.0
6453.0,392.0,338.0,341.0
6503.0,389.0,338.0,339.0
6553.0,387.0,334.0,346.0
6603.0,395.0,338.0,328.0
6653.0,386.0,339.0,345.0
6703.0,390.0,337.0,327.0
6753.0,390.0,338.0,332.0
6803.0,392.0,340.0,323.0
6853.0,386.0,338.0,325.0
6903.0,390.0,338.0,324.0
6953.0,388.0,335.0,325.0
7003.0,390.0,341.0,327.0
7053.0,391.0,340.0,318.0
7103.0,388.0,341.0,331.0
7153.0,391.0,336.0,318.0
7203.0,390.0,344.0,323.0
7254.0,393.0,337.0,319.0
7304.0,392.0,342.0,321.0
7354.0,392.0,338.0,321.0
7404.0,390.0,337.0,319.0
7454.0,391.0,336.0,320.0
7504.0,388.0,334.0,316.0
7554.0,394.0,332.0,316.0
7604.0,395.0,332.0,314.0
7654.0,396.0,328.0,310.0
7704.0,385.0,326.0,316.0
7754.0,394.0,325.0,300.0
7804.0,389.0,330.0,308.0
7854.0,384.0,327.0,297.0
7904.0,383.0,326.0,300.0
7954.0,385.0,326.0,295.0
8004.0,385.0,325.0,295.0
8054.0,385.0,324.0,300.0
8104.0,388.0,325.0,297.0
8154.0,386.0,323.0,300.0
8204.0,386.0,323.0,299.0
8254.0,387.0,325.0,297.0
8304.0,385.0,325.0,298.0
8354.0,388.0,324.0,296.0
8404.0,385.0,325.0,300.0
8454.0,387.0,324.0,299.0
8504.0,386.0,325.0,299.0
8554.0,387.0,326.0,300.0
8604.0,385.0,325.0,301.0
8654.0,387.0,327.0,299.0
8704.0,388.0,328.0,302.0
8754.0,389.0,328.0,300.0
8804.0,386.0,327.0,301.0
8854.0,387.0,326.0,298.0
8904.0,386.0,328.0,303.0
8954.0,389.0,326.0,300.0
9004.0,386.0,327.0,304.0
9054.0,388.0,327.0,302.0
9104.0,387.0,325.0,300.0
9154.0,386.0,327.0,305.0
9204.0,390.0,325.0,301.0
9254.0,388.0,327.0,305.0
9304.0,388.0,325.0,299.0
9354.0,387.0,327.0,302.0
9404.0,388.0,324.0,303.0
9454.0,388.0,326.0,301.0
9504.0,388.0,325.0,305.0
9554.0,388.0,325.0,300.0
9604.0,387.0,327.0,305.0
9654.0,388.0,324.0,301.0
9704.0,389.0,327.0,302.0
9754.0,388.0,325.0,300.0
9804.0,386.0,324.0,303.0
9854.0,388.0,327.0,303.0
9904.0,388.0,326.0,302.0
9954.0,388.0,326.0,301.0
10004.0,389.0,327.0,302.0
10054.0,386.0,324.0,302.0
10104.0,388.0,327.0,304.0
10155.0,389.0,325.0,302.0
10205.0,388.0,325.0,302.0
10255.0,388.0,325.0,304.0
10305.0,387.0,323.0,303.0
10355.0,389.0,327.0,303.0
10405.0,388.0,324.0,302.0
10455.0,388.0,325.0,304.0
10505.0,388.0,325.0,303.0
10555.0,387.0,324.0,302.0
10605.0,388.0,326.0,304.0
10655.0,389.0,325.0,302.0
10705.0,389.0,326.0,305.0
10755.0,388.0,324.0,303.0
10805.0,388.0,325.0,304.0
10855.0,389.0,325.0,304.0
10905.0,388.0,325.0,303.0
10955.0,388.0,325.0,304.0
11005.0,388.0,324.0,303.0
11055.0,388.0,326.0,304.0
11105.0,388.0,324.0,301.0
11155.0,389.0,325.0,304.0
11205.0,388.0,324.0,303.0
11255.0,388.0,323.0,303.0
11305.0,388.0,326.0,305.0
11355.0,389.0,325.0,303.0
11405.0,388.0,324.0,303.0
11455.0,389.0,327.0,304.0
11505.0,388.0,324.0,303.0
11555.0,388.0,325.0,305.0
11606.0,389.0,325.0,304.0
11656.0,389.0,326.0,303.0
11706.0,389.0,326.0,304.0
11756.0,389.0,326.0,304.0
11806.0,388.0,324.0,305.0
11856.0,388.0,326.0,306.0
11906.0,388.0,324.0,306.0
11956.0,388.0,326.0,307.0
12006.0,389.0,327.0,308.0
12056.0,389.0,327.0,313.0
12106.0,386.0,328.0,322.0
12156.0,395.0,328.0,316.0
12206.0,384.0,330.0,335.0
12256.0,397.0,334.0,335.0
12306.0,377.0,334.0,357.0
12356.0,390.0,336.0,359.0
12406.0,396.0,342.0,360.0
12456.0,370.0,337.0,376.0
12506.0,371.0,344.0,366.0
12556.0,356.0,343.0,382.0
12606.0,353.0,343.0,391.0
12656.0,363.0,348.0,379.0
12706.0,350.0,349.0,389.0
12756.0,330.0,331.0,386.0
12806.0,351.0,353.0,390.0
12856.0,326.0,327.0,394.0
12906.0,346.0,338.0,390.0
12956.0,332.0,333.0,396.0
13006.0,344.0,331.0,387.0
13056.0,337.0,328.0,390.0
13106.0,343.0,330.0,389.0
13156.0,339.0,332.0,391.0
13206.0,341.0,328.0,390.0
13256.0,341.0,330.0,391.0
13306.0,341.0,329.0,392.0
13356.0,345.0,338.0,392.0
13406.0,347.0,328.0,399.0
13456.0,344.0,342.0,394.0
13506.0,336.0,343.0,394.0
13556.0,334.0,352.0,372.0
13606.0,331.0,355.0,374.0
13656.0,336.0,371.0,368.0
13706.0,319.0,374.0,372.0
13756.0,334.0,367.0,371.0
13806.0,327.0,383.0,356.0
13856.0,338.0,368.0,347.0
13906.0,314.0,392.0,351.0
13956.0,312.0,379.0,332.0
14006.0,316.0,375.0,340.0
14056.0,337.0,395.0,324.0
14106.0,328.0,380.0,309.0
14156.0,325.0,379.0,308.0
14206.0,326.0,383.0,301.0
14256.0,317.0,377.0,294.0
14306.0,325.0,383.0,294.0
14356.0,305.0,361.0,291.0
14406.0,305.0,373.0,285.0
14456.0,285.0,358.0,281.0
14507.0,348.0,389.0,279.0
14557.0,308.0,354.0,280.0
14607.0,319.0,329.0,272.0
14657.0,352.0,440.0,305.0
14707.0,316.0,373.0,297.0
14757.0,315.0,375.0,286.0
14807.0,359.0,377.0,304.0
14857.0,333.0,376.0,298.0
14907.0,338.0,403.0,350.0
14957.0,357.0,392.0,349.0
15007.0,345.0,386.0,329.0
15057.0,367.0,371.0,363.0
15107.0,363.0,365.0,354.0
15157.0,353.0,383.0,373.0
15207.0,360.0,355.0,385.0
15257.0,354.0,329.0,387.0
15307.0,339.0,322.0,390.0
15357.0,346.0,322.0,418.0
15407.0,368.0,316.0,408.0
15457.0,344.0,311.0,391.0
15507.0,352.0,313.0,388.0
15557.0,349.0,311.0,402.0
15607.0,347.0,344.0,392.0
15657.0,364.0,354.0,404.0
15707.0,349.0,356.0,387.0
15757.0,339.0,367.0,371.0
15807.0,342.0,386.0,380.0
15857.0,333.0,371.0,336.0
15907.0,336.0,349.0,342.0
15958.0,340.0,375.0,329.0
16008.0,333.0,389.0,322.0
16058.0,342.0,381.0,316.0
16108.0,333.0,390.0,315.0
16158.0,330.0,398.0,334.0
16208.0,330.0,393.0,308.0
16258.0,338.0,384.0,307.0
16308.0,323.0,382.0,305.0
16358.0,310.0,374.0,289.0
16408.0,327.0,402.0,304.0
16458.0,316.0,378.0,294.0
16508.0,314.0,370.0,282.0
16558.0,302.0,394.0,305.0
16608.0,299.0,334.0,265.0
16658.0,338.0,347.0,275.0
16708.0,302.0,356.0,277.0
16758.0,320.0,353.0,271.0
16808.0,308.0,352.0,273.0
16858.0,311.0,353.0,267.0
16908.0,312.0,349.0,273.0
16958.0,319.0,366.0,288.0
17008.0,301.0,361.0,290.0
17058.0,329.0,373.0,294.0
17108.0,351.0,388.0,296.0
17158.0,368.0,389.0,267.0
17208.0,345.0,383.0,326.0
17258.0,346.0,385.0,352.0
17308.0,312.0,397.0,308.0
17358.0,349.0,409.0,334.0
17408.0,348.0,381.0,367.0
17458.0,358.0,380.0,370.0
17508.0,345.0,379.0,368.0
17558.0,350.0,372.0,372.0
17608.0,351.0,345.0,384.0
17658.0,355.0,353.0,380.0
17708.0,345.0,346.0,380.0
17758.0,358.0,345.0,381.0
17808.0,354.0,344.0,381.0
17858.0,338.0,368.0,380.0
17908.0,374.0,333.0,390.0
17958.0,346.0,366.0,366.0
18008.0,342.0,349.0,381.0
18058.0,341.0,365.0,377.0
18108.0,349.0,363.0,377.0
18158.0,350.0,359.0,375.0
18208.0,346.0,361.0,376.0
18258.0,343.0,361.0,378.0
18308.0,345.0,360.0,377.0
18358.0,346.0,360.0,376.0
18408.0,346.0,360.0,377.0
18458.0,345.0,361.0,377.0
18508.0,344.0,360.0,377.0
18558.0,345.0,359.0,377.0
18608.0,345.0,359.0,378.0
18658.0,345.0,360.0,378.0
18708.0,344.0,360.0,377.0
18758.0,345.0,358.0,378.0
18808.0,344.0,360.0,377.0
18859.0,345.0,359.0,379.0
18909.0,345.0,359.0,378.0
18959.0,344.0,359.0,377.0
19009.0,344.0,359.0,378.0
19059.0,344.0,359.0,378.0
19109.0,344.0,359.0,378.0
19159.0,345.0,359.0,378.0
19209.0,344.0,359.0,379.0
19259.0,344.0,359.0,379.0
19309.0,344.0,358.0,379.0
19359.0,344.0,359.0,379.0
19409.0,344.0,358.0,379.0
19459.0,344.0,358.0,379.0
19509.0,344.0,358.0,379.0
19559.0,344.0,358.0,379.0
19609.0,344.0,358.0,379.0
19659.0,344.0,358.0,379.0
19709.0,344.0,358.0,379.0
19759.0,344.0,358.0,379.0
19809.0,344.0,358.0,379.0
19859.0,344.0,358.0,379.0
19909.0,344.0,358.0,379.0
19959.0,344.0,358.0,379.0
20009.0,344.0,357.0,379.0
20059.0,344.0,357.0,380.0
20109.0,344.0,358.0,380.0
20159.0,344.0,357.0,380.0
20209.0,344.0,357.0,379.0
20259.0,344.0,357.0,379.0
20310.0,344.0,357.0,379.0
20360.0,344.0,357.0,380.0
20410.0,343.0,357.0,379.0
20460.0,344.0,357.0,379.0
20510.0,343.0,358.0,380.0
20560.0,343.0,357.0,380.0
20610.0,343.0,357.0,379.0
20660.0,343.0,357.0,380.0
20710.0,343.0,357.0,380.0
Time,xOut,yOut,zOut
